,Date,Open,High,Low,Close,Adj Close,Volume
0,2012-04-30,206.71000700000002,207.96000700000002,206.320007,207.080002,171.139999,2773200
1,2012-05-01,207.179993,208.929993,206.71000700000002,208.0,171.90036,2715900
2,2012-05-02,206.970001,208.270004,206.91000400000001,208.059998,171.94988999999998,2360300
3,2012-05-03,208.270004,208.919998,206.550003,207.240005,171.272232,2826600
4,2012-05-04,206.470001,207.110001,204.399994,204.990005,169.41275,4023600
5,2012-05-07,203.96000700000002,204.770004,202.899994,203.75,168.387939,3373400
6,2012-05-08,202.440002,203.059998,199.720001,201.479996,167.209473,3881500
7,2012-05-09,199.990005,203.0,199.059998,201.229996,167.001999,3742500
8,2012-05-10,201.0,203.25,200.020004,200.600006,166.47918700000002,3830500
9,2012-05-11,199.96000700000002,202.119995,199.949997,201.169998,166.952209,2391500
10,2012-05-14,199.919998,200.71000700000002,198.559998,199.440002,165.516434,3029200
11,2012-05-15,199.440002,201.470001,198.759995,199.03999299999998,165.184525,2987400
12,2012-05-16,199.419998,201.350006,198.179993,199.729996,165.757156,5001000
13,2012-05-17,199.669998,200.78999299999998,197.639999,197.889999,164.230118,5626300
14,2012-05-18,198.779999,198.779999,195.16000400000001,195.880005,162.562012,5737100
15,2012-05-21,195.979996,197.929993,194.630005,197.759995,164.122223,3831700
16,2012-05-22,198.03999299999998,198.259995,196.059998,196.820007,163.34208700000002,3567100
17,2012-05-23,195.529999,196.490005,193.199997,196.119995,162.7612,4100000
18,2012-05-24,195.990005,196.279999,194.0,196.08999599999999,162.736267,3569300
19,2012-05-25,195.110001,196.0,194.0,194.300003,161.250793,2901900
20,2012-05-29,195.220001,198.080002,195.220001,196.46000700000002,163.04332,3618500
21,2012-05-30,194.800003,195.470001,193.770004,194.529999,161.44163500000002,3602500
22,2012-05-31,194.100006,194.929993,192.0,192.899994,160.088852,9287500
23,2012-06-01,190.119995,191.720001,188.600006,189.080002,156.91863999999998,5206400
24,2012-06-04,188.33999599999999,189.380005,187.0,188.53999299999998,156.47048999999998,4624500
25,2012-06-05,187.919998,189.850006,187.559998,189.199997,157.018219,3556500
26,2012-06-06,190.779999,194.0,190.020004,193.990005,160.993484,3641300
27,2012-06-07,195.279999,195.830002,193.940002,194.440002,161.366974,3701100
28,2012-06-08,193.71000700000002,195.139999,192.699997,195.139999,161.947891,2479200
29,2012-06-11,196.600006,196.699997,192.369995,192.509995,159.765182,3273300
30,2012-06-12,192.139999,194.669998,192.139999,194.550003,161.45825200000002,3023700
31,2012-06-13,194.360001,195.190002,192.350006,193.100006,160.254883,3247700
32,2012-06-14,193.0,195.830002,192.740005,195.100006,161.914658,3585000
33,2012-06-15,196.080002,199.270004,195.399994,199.100006,165.234268,6389000
34,2012-06-18,197.570007,199.639999,197.169998,198.28999299999998,164.562073,3378900
35,2012-06-19,198.830002,199.990005,198.800003,198.929993,165.093231,3297600
36,2012-06-20,198.699997,199.740005,197.5,198.779999,164.968735,3378200
37,2012-06-21,199.070007,199.449997,193.190002,193.389999,160.495529,4316600
38,2012-06-22,193.869995,194.880005,193.220001,193.699997,160.752823,8823000
39,2012-06-25,192.479996,193.389999,191.679993,192.860001,160.055679,3211600
40,2012-06-26,193.53999299999998,193.679993,190.75,191.949997,159.30043,3435900
41,2012-06-27,192.139999,193.699997,190.899994,193.0,160.17186,2762700
42,2012-06-28,191.229996,192.080002,188.899994,191.399994,158.844025,3967300
43,2012-06-29,194.550003,195.809998,192.41000400000001,195.580002,162.313049,5259600
44,2012-07-02,196.360001,197.199997,194.850006,195.830002,162.520493,2827000
45,2012-07-03,195.46000700000002,196.33999599999999,194.91000400000001,195.929993,162.60351599999998,1450400
46,2012-07-05,194.880005,196.850006,193.630005,195.28999299999998,162.072357,2690200
47,2012-07-06,193.919998,193.940002,189.740005,191.41000400000001,158.852295,4952900
48,2012-07-09,190.759995,191.0,188.050003,189.669998,157.40831,3988100
49,2012-07-10,190.300003,191.139999,185.600006,186.259995,154.57830800000002,4690300
50,2012-07-11,186.220001,187.360001,183.509995,185.25,153.740128,5456100
51,2012-07-12,184.25,184.389999,181.850006,183.08999599999999,151.94747900000002,4931300
52,2012-07-13,183.46000700000002,186.330002,183.029999,186.009995,154.370804,3933000
53,2012-07-16,185.580002,186.100006,184.580002,184.78999299999998,153.358322,3144400
54,2012-07-17,185.729996,186.28999299999998,183.199997,183.649994,152.41223100000002,5158600
55,2012-07-18,184.149994,188.58999599999999,183.550003,188.25,156.22981299999998,8019500
56,2012-07-19,193.399994,196.850006,192.970001,195.33999599999999,162.113861,10395400
57,2012-07-20,194.08999599999999,194.899994,192.169998,192.449997,159.71546899999998,4789700
58,2012-07-23,189.779999,191.300003,188.199997,190.830002,158.370972,3904500
59,2012-07-24,190.919998,191.320007,188.559998,190.33999599999999,157.964355,3597100
60,2012-07-25,190.309998,192.770004,189.320007,191.080002,158.578476,3833800
61,2012-07-26,193.490005,194.949997,192.570007,193.949997,160.960266,3282900
62,2012-07-27,195.100006,197.41000400000001,193.949997,196.389999,162.985199,4177300
63,2012-07-30,196.320007,197.83999599999999,195.919998,196.679993,163.225922,2787000
64,2012-07-31,196.5,197.580002,195.880005,195.979996,162.644974,3507000
65,2012-08-01,196.96000700000002,197.850006,194.720001,195.179993,161.981018,2559300
66,2012-08-02,194.16000400000001,196.600006,193.020004,194.449997,161.37524399999998,2812600
67,2012-08-03,196.479996,198.949997,196.16000400000001,198.520004,164.75294499999998,3278100
68,2012-08-06,198.759995,199.940002,198.520004,198.759995,164.952103,2337800
69,2012-08-07,199.429993,200.880005,198.800003,199.929993,165.923111,3209400
70,2012-08-08,198.270004,199.690002,198.16000400000001,199.029999,165.881439,2068300
71,2012-08-09,198.619995,199.46000700000002,197.889999,198.419998,165.37304699999999,2160100
72,2012-08-10,197.869995,199.369995,197.240005,199.28999299999998,166.098129,2600500
73,2012-08-13,198.880005,199.979996,197.78999299999998,199.009995,165.864792,2418300
74,2012-08-14,198.880005,199.330002,197.720001,198.28999299999998,165.264694,2562300
75,2012-08-15,198.899994,199.330002,197.919998,198.399994,165.356415,2111800
76,2012-08-16,198.770004,201.320007,198.119995,200.83999599999999,167.38995400000002,2729500
77,2012-08-17,201.080002,202.0,200.66000400000001,201.220001,167.70668,2551800
78,2012-08-20,200.690002,201.130005,200.029999,200.5,167.106628,2336000
79,2012-08-21,200.990005,201.0,198.369995,198.649994,165.564728,3111300
80,2012-08-22,198.639999,198.649994,196.899994,197.25,164.397903,3296100
81,2012-08-23,197.03999299999998,197.369995,195.440002,195.699997,163.106079,2757400
82,2012-08-24,194.96000700000002,198.110001,194.199997,197.770004,164.831253,2639500
83,2012-08-27,197.96000700000002,198.300003,195.610001,195.690002,163.097733,2498800
84,2012-08-28,195.559998,196.110001,194.5,194.869995,162.414261,2539200
85,2012-08-29,195.130005,196.03999299999998,194.899994,195.080002,162.58931,2141400
86,2012-08-30,194.770004,195.470001,193.179993,193.369995,161.16409299999998,2740900
87,2012-08-31,194.309998,195.949997,193.46000700000002,194.850006,162.39764399999999,3193300
88,2012-09-04,196.610001,197.169998,193.25,194.53999299999998,162.139267,4514400
89,2012-09-05,194.41000400000001,195.850006,193.889999,195.03999299999998,162.556015,3312500
90,2012-09-06,196.259995,199.46000700000002,196.110001,199.100006,165.939758,3931700
91,2012-09-07,199.119995,199.5,198.080002,199.5,166.273132,3413700
92,2012-09-10,199.389999,201.820007,198.729996,200.949997,167.481644,4208000
93,2012-09-11,200.550003,203.46000700000002,200.509995,203.270004,169.415268,3910600
94,2012-09-12,203.520004,204.649994,202.96000700000002,203.770004,169.83196999999998,3284000
95,2012-09-13,204.380005,206.809998,203.46000700000002,206.360001,171.990585,3879600
96,2012-09-14,206.240005,207.649994,206.050003,206.809998,172.36566200000001,4057100
97,2012-09-17,205.550003,207.990005,205.550003,207.149994,172.649048,3275100
98,2012-09-18,206.880005,207.880005,206.479996,207.070007,172.58235200000001,2476100
99,2012-09-19,207.550003,207.570007,206.009995,206.429993,172.04896499999998,2605600
100,2012-09-20,205.850006,206.990005,205.300003,206.179993,171.840622,3739100
101,2012-09-21,207.360001,207.940002,205.919998,205.979996,171.67396499999998,12771500
102,2012-09-24,205.020004,206.059998,204.899994,205.28999299999998,171.098816,3511100
103,2012-09-25,205.600006,207.320007,204.949997,204.979996,170.840485,3345200
104,2012-09-26,205.050003,205.979996,203.899994,204.0,170.023727,3423300
105,2012-09-27,204.369995,206.899994,204.139999,205.91000400000001,171.615585,2771900
106,2012-09-28,205.66000400000001,208.320007,205.309998,207.449997,172.899094,4910900
107,2012-10-01,208.009995,211.75,207.940002,210.47000099999997,175.416092,5456900
108,2012-10-02,210.960007,211.47000099999997,208.5,209.83999599999999,174.891022,3321000
109,2012-10-03,209.940002,211.30000299999998,209.300003,210.50999500000003,175.449448,3192300
110,2012-10-04,210.27999900000003,210.97000099999997,208.529999,210.38999900000002,175.349411,2957500
111,2012-10-05,211.149994,211.789993,210.059998,210.58999599999999,175.516098,2858400
112,2012-10-08,210.020004,210.63999900000002,209.21000700000002,209.82000699999998,174.874359,1982600
113,2012-10-09,209.94999700000002,210.74000499999997,207.699997,207.990005,173.349182,3580400
114,2012-10-10,207.820007,208.229996,205.050003,205.820007,171.540604,4024500
115,2012-10-11,206.570007,207.270004,205.630005,205.759995,171.49053999999998,2910000
116,2012-10-12,205.639999,207.96000700000002,205.559998,207.800003,173.19078100000002,2712000
117,2012-10-15,208.880005,209.399994,207.820007,208.929993,174.132599,3060900
118,2012-10-16,209.940002,211.0,209.470001,211.0,175.85788,5632100
119,2012-10-17,201.21000700000002,203.41000400000001,198.550003,200.630005,167.214951,12673900
120,2012-10-18,199.91000400000001,200.139999,194.070007,194.96000700000002,162.48938,9295900
121,2012-10-19,195.28999299999998,196.080002,193.179993,193.360001,161.155792,6620300
122,2012-10-22,193.71000700000002,194.679993,192.440002,194.399994,162.022552,4402500
123,2012-10-23,193.529999,194.0,190.940002,191.25,159.397232,4427400
124,2012-10-24,192.440002,193.28999299999998,190.559998,190.720001,158.95549,3738000
125,2012-10-25,191.41000400000001,192.440002,190.71000700000002,191.600006,159.688889,3249600
126,2012-10-26,191.490005,193.869995,191.470001,193.270004,161.080734,4006500
127,2012-10-31,194.800003,196.41000400000001,193.630005,194.529999,162.13089,6052300
128,2012-11-01,194.679993,197.889999,194.550003,197.149994,164.31456,3758800
129,2012-11-02,197.529999,198.0,193.28999299999998,193.429993,161.214111,4260100
130,2012-11-05,192.360001,194.970001,192.009995,194.139999,161.805893,2736200
131,2012-11-06,195.259995,196.75,194.679993,195.070007,162.58097800000002,3281000
132,2012-11-07,193.360001,193.679993,191.16000400000001,191.16000400000001,160.01944,4746200
133,2012-11-08,191.399994,191.809998,190.08999599999999,190.100006,159.132156,3542200
134,2012-11-09,189.850006,191.639999,188.880005,189.639999,158.74710100000001,3671600
135,2012-11-12,190.029999,190.770004,187.41000400000001,189.25,158.420609,3067400
136,2012-11-13,188.389999,190.880005,188.25,188.320007,157.64210500000002,3406700
137,2012-11-14,189.139999,189.270004,185.279999,185.509995,155.28985600000001,4404400
138,2012-11-15,185.830002,187.199997,184.779999,185.850006,155.57446299999998,3411700
139,2012-11-16,186.330002,187.559998,185.100006,186.940002,156.48689299999998,4660800
140,2012-11-19,188.619995,190.389999,188.300003,190.350006,159.34141499999998,3588900
141,2012-11-20,189.880005,190.110001,188.25,189.199997,158.378769,3170200
142,2012-11-21,189.300003,190.889999,188.949997,190.28999299999998,159.291214,5189600
143,2012-11-23,191.0,193.490005,190.800003,193.490005,161.969925,3877600
144,2012-11-26,192.449997,193.369995,191.770004,192.880005,161.459259,5210300
145,2012-11-27,192.080002,193.050003,191.0,191.229996,160.078033,3290900
146,2012-11-28,190.979996,192.03999299999998,189.270004,191.979996,160.705856,3603600
147,2012-11-29,192.75,192.899994,190.199997,191.529999,160.329178,4077900
148,2012-11-30,191.75,192.0,189.5,190.070007,159.10703999999998,4936400
149,2012-12-03,190.759995,191.300003,188.360001,189.479996,158.613144,3349600
150,2012-12-04,189.71000700000002,190.75,189.020004,189.360001,158.512695,3990700
151,2012-12-05,189.009995,189.46000700000002,186.940002,188.649994,157.918335,4202100
152,2012-12-06,189.169998,190.179993,188.41000400000001,189.699997,158.797272,3216600
153,2012-12-07,190.139999,192.199997,190.110001,191.949997,160.680786,4091300
154,2012-12-10,192.169998,193.53999299999998,191.649994,192.619995,161.241608,3438500
155,2012-12-11,193.179993,194.800003,193.149994,194.199997,162.564209,4144000
156,2012-12-12,194.600006,194.75,192.46000700000002,192.949997,161.517853,4241900
157,2012-12-13,192.179993,193.050003,191.369995,191.990005,160.714264,3623200
158,2012-12-14,191.690002,193.399994,191.259995,191.759995,160.52171299999998,3826900
159,2012-12-17,191.759995,193.91000400000001,191.759995,193.619995,162.07873500000002,3792400
160,2012-12-18,193.850006,195.919998,193.83999599999999,195.690002,163.811508,4125900
161,2012-12-19,195.46000700000002,196.449997,195.0,195.080002,163.300888,4270500
162,2012-12-20,194.470001,194.949997,193.16000400000001,194.770004,163.041397,4184500
163,2012-12-21,193.100006,194.5,191.570007,193.419998,161.911301,8225300
164,2012-12-24,193.050003,193.830002,192.020004,192.399994,161.057449,1631200
165,2012-12-26,192.21000700000002,193.529999,190.949997,191.949997,160.680786,2776500
166,2012-12-27,191.529999,193.279999,190.699997,192.71000700000002,161.31694,3967600
167,2012-12-28,191.110001,192.220001,189.830002,189.830002,158.906143,3536600
168,2012-12-31,189.229996,191.679993,188.83999599999999,191.550003,160.345947,4684900
169,2013-01-02,194.08999599999999,196.350006,193.800003,196.350006,164.36398300000002,4234100
170,2013-01-03,195.669998,196.28999299999998,194.440002,195.270004,163.459946,3644700
171,2013-01-04,194.190002,194.46000700000002,192.779999,193.990005,162.388443,3380200
172,2013-01-07,193.399994,193.779999,192.33999599999999,193.139999,161.676926,2862300
173,2013-01-08,192.919998,193.300003,191.600006,192.869995,161.450897,3026900
174,2013-01-09,193.479996,193.490005,191.649994,192.320007,160.990524,3212000
175,2013-01-10,192.649994,192.96000700000002,191.279999,192.880005,161.459259,3608100
176,2013-01-11,194.149994,195.0,192.899994,194.449997,162.773499,3880400
177,2013-01-14,192.820007,193.279999,191.75,192.619995,161.241608,4172200
178,2013-01-15,191.309998,192.729996,190.389999,192.5,161.141174,4172100
179,2013-01-16,192.0,193.179993,191.350006,192.58999599999999,161.216522,2962900
180,2013-01-17,193.850006,194.46000700000002,193.240005,193.649994,162.103806,3881600
181,2013-01-18,194.029999,195.0,193.800003,194.470001,162.79023700000002,4559600
182,2013-01-22,194.360001,196.080002,194.009995,196.080002,164.13798500000001,7172300
183,2013-01-23,203.5,208.580002,203.360001,204.720001,171.370483,12530500
184,2013-01-24,203.91000400000001,205.059998,203.080002,204.419998,171.11937,4447200
185,2013-01-25,204.449997,205.179993,204.130005,204.970001,171.579758,3358900
186,2013-01-28,204.850006,206.220001,204.28999299999998,204.929993,171.54626499999998,2823700
187,2013-01-29,204.33999599999999,205.729996,203.639999,203.899994,170.684097,3617100
188,2013-01-30,203.690002,204.880005,203.190002,203.520004,170.365997,2998400
189,2013-01-31,203.320007,204.470001,202.96000700000002,203.070007,169.989273,3091400
190,2013-02-01,204.649994,205.350006,203.83999599999999,205.179993,171.75555400000002,3370700
191,2013-02-04,204.190002,205.020004,203.570007,203.78999299999998,170.59201000000002,3188800
192,2013-02-05,204.309998,204.75,202.509995,202.78999299999998,169.754913,3636900
193,2013-02-06,200.389999,201.28999299999998,199.559998,201.020004,168.98152199999998,3624200
194,2013-02-07,200.619995,200.91000400000001,198.679993,199.740005,167.905548,3076700
195,2013-02-08,199.970001,202.08999599999999,199.679993,201.679993,169.53633100000002,2893300
196,2013-02-11,200.979996,201.949997,199.75,200.16000400000001,168.258591,2944700
197,2013-02-12,200.009995,200.740005,199.020004,200.03999299999998,168.157745,2461800
198,2013-02-13,200.649994,200.949997,199.570007,200.08999599999999,168.199768,2169800
199,2013-02-14,199.729996,200.320007,199.259995,199.649994,167.82988,3294200
200,2013-02-15,199.979996,201.25,199.820007,200.979996,168.947922,3627800
201,2013-02-19,200.600006,201.889999,200.220001,200.320007,168.39309699999998,2998300
202,2013-02-20,200.619995,201.720001,198.860001,199.309998,167.544052,3715400
203,2013-02-21,198.630005,199.070007,198.110001,198.330002,166.720291,3922900
204,2013-02-22,199.229996,201.08999599999999,198.83999599999999,201.08999599999999,169.04039,3107900
205,2013-02-25,201.669998,202.490005,197.509995,197.509995,166.03096000000002,3844800
206,2013-02-26,198.630005,199.899994,197.83999599999999,199.139999,167.401154,3391600
207,2013-02-27,198.889999,202.75,198.600006,202.330002,170.082718,4185100
208,2013-02-28,202.179993,203.119995,200.78999299999998,200.830002,168.82179299999999,4689200
209,2013-03-01,200.649994,202.940002,199.360001,202.91000400000001,170.570313,3308300
210,2013-03-04,202.58999599999999,205.190002,202.550003,205.190002,172.486969,3693400
211,2013-03-05,205.860001,207.699997,205.690002,206.529999,173.613388,3807800
212,2013-03-06,207.029999,208.490005,206.66000400000001,208.380005,175.168518,3594800
213,2013-03-07,208.28999299999998,209.600006,208.240005,209.419998,176.042725,3884400
214,2013-03-08,209.850006,210.74000499999997,209.429993,210.38000499999998,176.849747,3700500
215,2013-03-11,210.039993,210.19999700000002,209.03999299999998,210.080002,176.597549,3049700
216,2013-03-12,209.399994,210.729996,209.08999599999999,210.55000299999998,176.99263,3591600
217,2013-03-13,210.19999700000002,212.36000099999998,209.770004,212.059998,178.262024,3355900
218,2013-03-14,212.149994,215.86000099999998,212.149994,215.80000299999998,181.405945,5505500
219,2013-03-15,215.38000499999998,215.899994,213.41000400000001,214.919998,180.666153,7930300
220,2013-03-18,212.899994,214.5,212.63999900000002,213.210007,179.228653,3006000
221,2013-03-19,214.13000499999998,215.11999500000002,211.830002,213.440002,179.422028,3198600
222,2013-03-20,214.75999500000003,215.82000699999998,214.30000299999998,215.059998,180.783844,3019000
223,2013-03-21,212.960007,213.0,210.11000099999998,212.25999500000003,178.430069,5830400
224,2013-03-22,212.210007,213.169998,211.61999500000002,212.080002,178.278763,3031500
225,2013-03-25,212.539993,212.809998,210.05000299999998,210.74000499999997,177.152328,3242500
226,2013-03-26,211.770004,212.5,211.5,212.36000099999998,178.51416,2300300
227,2013-03-27,210.960007,212.16000400000001,210.100006,210.88999900000002,177.278503,3223400
228,2013-03-28,209.830002,213.440002,209.74000499999997,213.30000299999998,179.304352,3749900
229,2013-04-01,212.80000299999998,213.5,211.25,212.38000499999998,178.53096000000002,2144500
230,2013-04-02,212.919998,214.710007,211.57000699999998,214.36000099999998,180.195404,3116800
231,2013-04-03,214.32000699999998,214.88999900000002,212.63000499999998,212.66000400000001,178.766357,3128800
232,2013-04-04,212.770004,212.92999300000002,210.039993,211.309998,177.631485,3709500
233,2013-04-05,209.100006,209.83999599999999,206.33999599999999,209.41000400000001,176.034332,4148000
234,2013-04-08,209.070007,209.320007,207.330002,209.320007,175.958664,2351200
235,2013-04-09,209.559998,210.0,208.610001,209.220001,175.87463400000001,2577300
236,2013-04-10,211.86000099999998,212.50999500000003,210.47000099999997,212.0,178.211548,3524200
237,2013-04-11,211.5,213.08999599999999,210.850006,212.919998,178.98490900000002,3655600
238,2013-04-12,210.789993,211.49000499999997,209.77999900000003,211.38000499999998,177.69035300000002,3165400
239,2013-04-15,210.440002,211.690002,209.259995,209.259995,175.90823400000002,4218100
240,2013-04-16,210.83999599999999,212.0,209.199997,212.0,178.211548,2859500
241,2013-04-17,210.52999900000003,211.08999599999999,209.5,209.669998,176.25289899999999,3269800
242,2013-04-18,210.11000099999998,210.25,206.149994,207.149994,174.13450600000002,6502000
243,2013-04-19,195.740005,196.5,189.759995,190.0,159.71791100000002,18847000
244,2013-04-22,191.149994,191.380005,187.679993,187.830002,157.89373799999998,9845400
245,2013-04-23,189.270004,192.550003,188.610001,191.610001,161.071274,6296100
246,2013-04-24,192.16000400000001,192.5,191.08999599999999,191.71000700000002,161.15535,3693900
247,2013-04-25,192.690002,195.169998,192.320007,193.949997,163.038376,4650900
248,2013-04-26,194.16000400000001,194.71000700000002,193.25,194.309998,163.341003,3490300
249,2013-04-29,194.779999,199.679993,194.649994,199.149994,167.409561,5932400
250,2013-04-30,199.130005,202.58999599999999,197.350006,202.53999299999998,170.259247,7539900
251,2013-05-01,201.869995,202.169998,199.199997,199.630005,167.813095,4899100
252,2013-05-02,200.119995,202.429993,199.75,202.389999,170.133179,3945100
253,2013-05-03,203.940002,205.320007,203.75,204.509995,171.915298,4492700
254,2013-05-06,203.78999299999998,203.990005,201.520004,202.779999,170.461029,4826500
255,2013-05-07,202.809998,203.729996,201.649994,203.630005,171.175568,3451000
256,2013-05-08,202.940002,204.850006,202.509995,204.820007,172.982925,3601700
257,2013-05-09,204.690002,205.0,202.720001,203.240005,171.64851399999998,3542300
258,2013-05-10,203.369995,204.529999,202.820007,204.470001,172.68731699999998,3279200
259,2013-05-13,204.179993,204.470001,202.220001,202.470001,170.998169,3648400
260,2013-05-14,202.08999599999999,203.669998,202.080002,203.21000700000002,171.623184,3699700
261,2013-05-15,202.25,203.679993,202.03999299999998,203.320007,171.71608,4028100
262,2013-05-16,204.0,206.58999599999999,204.0,204.690002,172.873108,4507000
263,2013-05-17,205.25,209.5,204.990005,208.440002,176.040222,5704100
264,2013-05-20,208.020004,209.149994,207.419998,207.600006,175.330795,3614500
265,2013-05-21,207.240005,209.479996,207.0,208.649994,176.217575,2982900
266,2013-05-22,208.5,210.149994,206.119995,206.990005,174.815643,5186800
267,2013-05-23,205.479996,208.610001,205.130005,206.16000400000001,174.114624,5179100
268,2013-05-24,204.690002,206.429993,204.419998,205.720001,173.743027,3295800
269,2013-05-28,207.440002,208.58999599999999,207.16000400000001,207.779999,175.482788,4011500
270,2013-05-29,206.220001,208.419998,206.03999299999998,207.919998,175.601044,3439400
271,2013-05-30,206.970001,210.99000499999997,206.970001,209.360001,176.8172,4399700
272,2013-05-31,208.58999599999999,211.979996,208.020004,208.020004,175.685532,4949000
273,2013-06-03,208.25,210.05000299999998,207.330002,208.949997,176.470917,3322000
274,2013-06-04,208.600006,209.0,205.080002,206.190002,174.139938,3598300
275,2013-06-05,205.16000400000001,206.28999299999998,202.399994,202.740005,171.226227,4215400
276,2013-06-06,203.0,204.199997,201.470001,203.800003,172.121475,3679400
277,2013-06-07,204.850006,206.350006,204.110001,206.350006,174.275116,2953400
278,2013-06-10,206.970001,206.979996,204.899994,205.020004,173.15184,2652300
279,2013-06-11,203.169998,205.949997,202.509995,203.979996,172.273483,2814400
280,2013-06-12,204.58999599999999,205.229996,200.509995,201.199997,169.925613,3409800
281,2013-06-13,201.009995,204.399994,200.33999599999999,203.770004,172.09613000000002,2899500
282,2013-06-14,203.970001,204.740005,201.809998,202.199997,170.770142,2804500
283,2013-06-17,203.440002,205.169998,202.550003,203.03999299999998,171.479568,3219900
284,2013-06-18,203.020004,206.08999599999999,202.869995,204.869995,173.02513100000002,3277800
285,2013-06-19,204.440002,205.029999,201.929993,201.940002,170.550598,2846100
286,2013-06-20,200.669998,201.699997,197.279999,197.350006,166.674026,4514800
287,2013-06-21,198.5,198.520004,193.53999299999998,195.46000700000002,165.077805,8914800
288,2013-06-24,193.990005,194.91000400000001,191.33999599999999,193.53999299999998,163.456284,4356200
289,2013-06-25,195.309998,195.58999599999999,193.149994,194.979996,164.672455,3846200
290,2013-06-26,195.970001,196.229996,194.5,194.860001,164.57110600000001,3320200
291,2013-06-27,196.050003,196.899994,195.28999299999998,195.649994,165.23826599999998,3514200
292,2013-06-28,191.729996,192.66000400000001,188.41000400000001,191.110001,161.403992,10055800
293,2013-07-01,192.149994,193.800003,191.119995,191.279999,161.547531,4442400
294,2013-07-02,190.779999,193.229996,190.259995,191.5,161.733353,3657700
295,2013-07-03,190.979996,194.220001,190.509995,193.25,163.21133400000002,1872600
296,2013-07-05,194.490005,195.16000400000001,192.350006,194.929993,164.630203,2405400
297,2013-07-08,195.600006,195.779999,194.610001,194.979996,164.672455,2947500
298,2013-07-09,191.880005,192.800003,190.779999,191.300003,161.56445300000001,5204200
299,2013-07-10,191.509995,193.429993,191.270004,192.25,162.366806,3892000
300,2013-07-11,193.779999,194.110001,192.610001,192.800003,162.831299,4177500
301,2013-07-12,193.070007,193.699997,191.58999599999999,192.070007,162.214737,4494700
302,2013-07-15,192.419998,194.889999,191.679993,194.0,163.844818,5674700
303,2013-07-16,194.03999299999998,194.580002,192.679993,193.850006,163.718109,3745300
304,2013-07-17,194.720001,194.889999,193.029999,194.550003,164.309296,6868400
305,2013-07-18,198.270004,200.940002,195.990005,197.990005,167.214584,8393400
306,2013-07-19,197.91000400000001,197.990005,193.240005,193.53999299999998,163.456284,6997600
307,2013-07-22,193.399994,195.78999299999998,193.279999,194.08999599999999,163.920792,3398000
308,2013-07-23,194.21000700000002,196.429993,194.100006,194.979996,164.672455,2863800
309,2013-07-24,195.949997,197.300003,195.860001,196.610001,166.049072,2957900
310,2013-07-25,196.300003,197.830002,195.66000400000001,197.220001,166.564255,3014300
311,2013-07-26,196.58999599999999,197.369995,195.0,197.350006,166.674026,2485100
312,2013-07-29,196.830002,197.190002,195.529999,196.21000700000002,165.71121200000002,2113700
313,2013-07-30,196.990005,197.830002,195.809998,196.009995,165.54231299999998,2663200
314,2013-07-31,194.490005,196.91000400000001,194.490005,195.03999299999998,164.723099,3810000
315,2013-08-01,196.649994,197.169998,195.41000400000001,195.809998,165.373413,2877700
316,2013-08-02,195.5,195.5,193.220001,195.16000400000001,164.824448,3874000
317,2013-08-05,195.16000400000001,195.880005,194.350006,195.5,165.111603,2490900
318,2013-08-06,192.259995,192.509995,190.270004,190.990005,161.302643,5938500
319,2013-08-07,189.600006,189.929993,188.050003,188.559998,160.046448,3901700
320,2013-08-08,189.449997,189.869995,186.78999299999998,187.929993,159.511703,4547600
321,2013-08-09,188.0,189.16000400000001,187.0,187.820007,159.41835,3249600
322,2013-08-12,186.970001,189.559998,186.889999,189.08999599999999,160.496277,3026500
323,2013-08-13,189.53999299999998,189.990005,187.559998,188.419998,159.927597,3542900
324,2013-08-14,188.580002,188.929993,187.300003,187.529999,159.172195,2892300
325,2013-08-15,186.229996,187.0,185.449997,185.78999299999998,157.695313,3692400
326,2013-08-16,185.53999299999998,186.46000700000002,185.33999599999999,185.33999599999999,157.313354,3426400
327,2013-08-19,185.300003,186.5,183.979996,184.229996,156.371201,3248900
328,2013-08-20,184.369995,185.630005,183.169998,184.559998,156.651291,3117800
329,2013-08-21,184.669998,186.570007,184.279999,184.860001,156.90596000000002,3551000
330,2013-08-22,185.649994,186.25,184.25,185.190002,157.186035,2354300
331,2013-08-23,185.33999599999999,185.740005,184.570007,185.419998,157.381271,2292700
332,2013-08-26,185.270004,187.0,184.679993,184.740005,156.804108,2170400
333,2013-08-27,183.630005,184.5,182.570007,182.740005,155.10652199999998,3190700
334,2013-08-28,182.679993,183.470001,181.100006,182.16000400000001,154.614212,3979200
335,2013-08-29,181.96000700000002,183.699997,181.440002,182.639999,155.02166699999998,2980900
336,2013-08-30,182.75,182.990005,181.509995,182.270004,154.707596,2731000
337,2013-09-03,183.630005,184.320007,182.509995,183.96000700000002,156.142029,3487200
338,2013-09-04,183.580002,184.190002,182.309998,183.130005,155.437531,2597900
339,2013-09-05,183.350006,185.0,183.070007,184.149994,156.303329,2867600
340,2013-09-06,184.649994,184.990005,182.649994,183.029999,155.352661,2903500
341,2013-09-09,183.679993,185.490005,183.309998,184.979996,157.00778200000002,3017200
342,2013-09-10,187.199997,187.649994,186.369995,186.600006,158.382813,3149600
343,2013-09-11,186.830002,190.869995,186.820007,190.699997,161.862823,4962900
344,2013-09-12,190.96000700000002,191.320007,189.850006,190.729996,161.88828999999998,3354800
345,2013-09-13,191.21000700000002,193.100006,191.0,192.169998,163.110535,3710400
346,2013-09-16,193.699997,194.809998,192.610001,193.149994,163.942352,3902400
347,2013-09-17,193.419998,194.149994,191.830002,192.16000400000001,163.102051,2930900
348,2013-09-18,192.600006,194.889999,192.0,194.419998,165.020294,3841800
349,2013-09-19,194.179993,194.889999,193.220001,193.389999,164.146042,3178100
350,2013-09-20,193.96000700000002,194.429993,190.020004,190.020004,161.285645,8525900
351,2013-09-23,190.059998,192.41000400000001,189.330002,190.990005,162.108978,3340800
352,2013-09-24,190.929993,191.559998,189.66000400000001,189.970001,161.243225,3085300
353,2013-09-25,190.139999,190.619995,188.5,189.470001,160.818817,2654500
354,2013-09-26,190.100006,191.759995,189.46000700000002,190.220001,161.455429,2093600
355,2013-09-27,188.869995,188.940002,186.449997,186.919998,158.654419,3905500
356,2013-09-30,185.559998,186.740005,184.33999599999999,185.179993,157.17752099999998,3978200
357,2013-10-01,185.33999599999999,186.649994,184.649994,186.380005,158.19610600000001,2681200
358,2013-10-02,185.53999299999998,186.309998,184.41000400000001,184.96000700000002,156.990814,3617100
359,2013-10-03,184.699997,184.96000700000002,183.0,183.860001,156.057159,3211800
360,2013-10-04,184.169998,185.130005,183.580002,184.100006,156.260849,2863600
361,2013-10-07,181.850006,183.309998,181.850006,182.009995,154.48689299999998,3966400
362,2013-10-08,181.889999,181.990005,178.71000700000002,178.720001,151.694412,5578300
363,2013-10-09,179.369995,181.669998,179.100006,181.320007,153.90126,4423500
364,2013-10-10,183.169998,184.770004,182.360001,184.770004,156.829544,3658900
365,2013-10-11,185.25,186.229996,184.119995,186.16000400000001,158.009354,3232600
366,2013-10-14,185.41000400000001,186.990005,184.419998,186.970001,158.696884,2663100
367,2013-10-15,185.740005,185.940002,184.220001,184.66000400000001,156.736176,3365100
368,2013-10-16,185.419998,186.729996,184.990005,186.729996,158.493149,6718000
369,2013-10-17,173.83999599999999,177.0,172.570007,174.830002,148.392654,22368900
370,2013-10-18,174.800003,175.0,173.25,173.779999,147.50143400000002,10548000
371,2013-10-21,174.419998,174.75,172.630005,172.860001,146.720551,7098700
372,2013-10-22,173.350006,175.570007,172.949997,174.970001,148.511505,6977300
373,2013-10-23,175.08999599999999,175.990005,174.399994,175.770004,149.190521,5409400
374,2013-10-24,176.429993,177.889999,176.25,177.800003,150.913528,5533300
375,2013-10-25,178.429993,179.100006,176.259995,176.850006,150.107193,4842800
376,2013-10-28,177.03999299999998,177.889999,176.199997,177.350006,150.53157,3712700
377,2013-10-29,177.619995,182.320007,177.5,182.119995,154.580261,8904600
378,2013-10-30,181.690002,182.179993,179.860001,180.149994,152.908173,5273700
379,2013-10-31,179.649994,181.669998,179.03999299999998,179.21000700000002,152.110352,4318100
380,2013-11-01,179.809998,180.33999599999999,178.880005,179.229996,152.127289,3644500
381,2013-11-04,179.899994,180.800003,179.33999599999999,180.270004,153.010025,3483300
382,2013-11-05,179.53999299999998,179.800003,177.71000700000002,177.850006,150.955948,6096800
383,2013-11-06,177.91000400000001,179.75,177.779999,179.190002,152.91014099999998,4560700
384,2013-11-07,179.600006,181.389999,179.600006,180.0,153.601349,5219500
385,2013-11-08,178.830002,180.080002,177.350006,179.990005,153.592804,6275000
386,2013-11-11,180.190002,183.389999,180.03999299999998,182.880005,156.05896,5222300
387,2013-11-12,182.529999,184.050003,182.259995,183.070007,156.22108500000002,4258500
388,2013-11-13,182.270004,183.550003,181.58999599999999,183.550003,156.63069199999998,4704400
389,2013-11-14,180.479996,183.199997,179.66000400000001,182.21000700000002,155.487198,6321500
390,2013-11-15,182.380005,183.279999,181.16000400000001,183.190002,156.32347099999998,5176100
391,2013-11-18,183.520004,184.990005,183.270004,184.470001,157.41575600000002,5344900
392,2013-11-19,184.630005,186.199997,184.149994,185.25,158.08136000000002,4577000
393,2013-11-20,185.220001,186.240005,184.649994,185.190002,158.030151,3645800
394,2013-11-21,185.53999299999998,185.75,183.41000400000001,184.130005,157.125656,4459500
395,2013-11-22,183.5,184.990005,179.919998,181.300003,154.710678,7610200
396,2013-11-25,180.25,180.75,177.820007,178.940002,152.696808,7161900
397,2013-11-26,178.669998,178.940002,177.309998,177.309998,151.305878,5756000
398,2013-11-27,177.830002,180.179993,177.820007,178.970001,152.722366,4596500
399,2013-11-29,179.21000700000002,180.759995,179.0,179.679993,153.32826200000002,2870500
400,2013-12-02,179.46000700000002,179.58999599999999,177.119995,177.479996,151.450928,4560000
401,2013-12-03,177.0,178.229996,175.639999,176.080002,150.256256,5864000
402,2013-12-04,175.369995,177.5,175.16000400000001,175.740005,149.966095,5267400
403,2013-12-05,176.149994,176.860001,175.279999,176.080002,150.256256,4384900
404,2013-12-06,176.699997,178.0,176.009995,177.669998,151.61308300000002,4739800
405,2013-12-09,177.990005,178.149994,176.830002,177.46000700000002,151.43383799999998,3796600
406,2013-12-10,176.899994,177.669998,176.059998,177.119995,151.143707,4127800
407,2013-12-11,177.0,177.759995,175.100006,175.199997,149.50528,4090400
408,2013-12-12,175.059998,175.800003,173.300003,173.369995,147.943649,5671600
409,2013-12-13,173.520004,174.380005,172.729996,172.800003,147.457275,4184400
410,2013-12-16,173.220001,178.350006,172.729996,177.850006,151.766647,7517000
411,2013-12-17,177.360001,177.490005,175.119995,175.759995,149.983139,5471900
412,2013-12-18,176.449997,178.740005,174.850006,178.699997,152.491974,5697700
413,2013-12-19,177.880005,180.53999299999998,177.880005,180.220001,153.789047,5927000
414,2013-12-20,180.119995,182.0,180.020004,180.020004,153.618393,7653500
415,2013-12-23,181.050003,182.929993,180.610001,182.229996,155.504272,4079900
416,2013-12-24,181.96000700000002,183.5,181.91000400000001,183.220001,156.349075,1613600
417,2013-12-26,183.559998,185.559998,183.509995,185.350006,158.16668700000002,3325700
418,2013-12-27,185.83999599999999,186.5,184.559998,185.080002,157.936279,3381600
419,2013-12-30,185.320007,186.699997,184.669998,186.41000400000001,159.07124299999998,3018600
420,2013-12-31,186.490005,187.78999299999998,186.300003,187.570007,160.061157,3619700
421,2014-01-02,187.21000700000002,187.399994,185.199997,185.529999,158.320358,4546500
422,2014-01-03,185.830002,187.350006,185.300003,186.639999,159.267517,4063200
423,2014-01-06,187.149994,187.360001,185.300003,186.0,158.721359,4067800
424,2014-01-07,186.389999,190.350006,186.380005,189.71000700000002,161.88725300000002,5932300
425,2014-01-08,189.330002,189.419998,187.259995,187.970001,160.40242,4603700
426,2014-01-09,189.020004,189.5,186.550003,187.380005,159.898987,4321300
427,2014-01-10,188.309998,188.570007,186.279999,187.259995,159.79658500000002,4022400
428,2014-01-13,186.259995,186.949997,183.860001,184.16000400000001,157.151245,5784700
429,2014-01-14,185.059998,186.429993,183.880005,185.919998,158.653107,4619200
430,2014-01-15,185.820007,188.649994,185.490005,187.740005,160.206192,4816500
431,2014-01-16,187.529999,188.990005,186.800003,188.759995,161.07663,4770300
432,2014-01-17,188.03999299999998,190.809998,187.860001,190.08999599999999,162.211548,7644600
433,2014-01-21,190.229996,190.389999,186.78999299999998,188.429993,160.794983,11076300
434,2014-01-22,181.279999,183.5,179.669998,182.25,155.521347,13796100
435,2014-01-23,181.429993,183.720001,180.71000700000002,182.729996,155.930939,6973900
436,2014-01-24,181.25,182.809998,179.639999,179.639999,153.29411299999998,6890600
437,2014-01-27,179.610001,179.649994,177.66000400000001,177.899994,151.809296,5208600
438,2014-01-28,178.050003,178.449997,176.16000400000001,176.850006,150.91331499999998,5333300
439,2014-01-29,175.979996,178.529999,175.889999,176.399994,150.529312,4970900
440,2014-01-30,177.169998,177.860001,176.360001,177.360001,151.34854099999998,4853700
441,2014-01-31,176.110001,177.83999599999999,175.33999599999999,176.679993,150.768219,5193400
442,2014-02-03,176.020004,176.020004,172.720001,172.899994,147.542603,7186800
443,2014-02-04,173.529999,173.75,172.360001,172.83999599999999,147.491455,4349800
444,2014-02-05,172.190002,174.970001,172.190002,174.240005,148.686111,4712300
445,2014-02-06,173.970001,174.850006,173.78999299999998,174.669998,149.870163,4292200
446,2014-02-07,175.639999,177.559998,175.070007,177.25,152.083847,4692900
447,2014-02-10,176.970001,177.649994,176.25,177.139999,151.989471,3540400
448,2014-02-11,176.809998,180.389999,176.800003,179.699997,154.18598899999998,4647300
449,2014-02-12,179.520004,181.25,179.259995,180.240005,154.649338,3983000
450,2014-02-13,178.220001,182.360001,177.860001,181.83999599999999,156.022141,4482000
451,2014-02-14,181.259995,184.429993,180.990005,183.690002,157.609497,4659900
452,2014-02-18,183.179993,184.0,182.320007,183.190002,157.180496,4435200
453,2014-02-19,182.740005,185.649994,182.41000400000001,182.949997,156.974564,4671500
454,2014-02-20,182.96000700000002,184.860001,182.78999299999998,184.259995,158.098572,4968200
455,2014-02-21,184.25,185.71000700000002,182.619995,182.78999299999998,156.837296,5699300
456,2014-02-24,182.820007,185.16000400000001,182.820007,183.449997,157.403534,4595300
457,2014-02-25,183.520004,184.600006,182.880005,183.229996,157.214813,3902300
458,2014-02-26,183.940002,185.279999,183.559998,184.059998,157.926971,3740700
459,2014-02-27,183.830002,185.949997,183.809998,185.270004,158.965134,3827800
460,2014-02-28,185.380005,186.119995,183.649994,185.169998,158.87936399999998,4667900
461,2014-03-03,183.330002,184.639999,182.820007,184.259995,158.098572,3950100
462,2014-03-04,185.809998,187.16000400000001,185.679993,186.440002,159.96903999999998,4733000
463,2014-03-05,186.570007,187.949997,186.399994,187.139999,160.569656,3485200
464,2014-03-06,187.369995,188.389999,186.899994,187.639999,160.998657,3817300
465,2014-03-07,188.350006,188.919998,187.179993,187.679993,161.032974,4117800
466,2014-03-10,187.550003,188.369995,185.850006,186.389999,159.926132,4591200
467,2014-03-11,187.41000400000001,188.449997,186.03999299999998,186.759995,160.243607,4229500
468,2014-03-12,186.009995,187.449997,185.889999,186.220001,159.780273,4833000
469,2014-03-13,186.41000400000001,187.0,183.71000700000002,183.899994,157.789658,4913200
470,2014-03-14,183.889999,184.28999299999998,182.21000700000002,182.21000700000002,156.3396,5490300
471,2014-03-17,182.66000400000001,186.350006,182.66000400000001,185.809998,159.42846699999998,4938100
472,2014-03-18,185.990005,187.899994,185.53999299999998,186.809998,160.28653,3961300
473,2014-03-19,185.600006,186.699997,183.5,184.71000700000002,158.484695,4323900
474,2014-03-20,184.470001,188.259995,184.169998,187.899994,161.221725,5062600
475,2014-03-21,188.5,188.699997,186.399994,186.669998,160.16636699999998,12535200
476,2014-03-24,187.429993,189.440002,187.369995,188.25,161.522079,5738500
477,2014-03-25,188.759995,195.399994,188.699997,195.03999299999998,167.348007,10912700
478,2014-03-26,194.979996,195.630005,191.96000700000002,192.619995,165.271622,6851700
479,2014-03-27,191.91000400000001,192.669998,189.320007,189.830002,162.877716,6767700
480,2014-03-28,189.940002,192.619995,189.110001,190.449997,163.40971399999998,5194400
481,2014-03-31,191.639999,193.770004,191.399994,192.490005,165.160034,8537300
482,2014-04-01,193.119995,195.130005,192.779999,194.5,166.884674,5394100
483,2014-04-02,194.240005,194.5,192.490005,193.550003,166.06956499999998,4924100
484,2014-04-03,193.199997,193.380005,192.350006,192.690002,165.331696,4091100
485,2014-04-04,193.119995,193.970001,191.279999,191.770004,164.54226699999998,6089900
486,2014-04-07,191.720001,195.309998,191.570007,194.520004,166.90184,6740500
487,2014-04-08,193.889999,194.169998,192.690002,193.28999299999998,165.846436,5125000
488,2014-04-09,193.880005,197.0,193.600006,196.639999,168.72083999999998,5480100
489,2014-04-10,196.059998,199.21000700000002,195.66000400000001,195.679993,167.897125,8417900
490,2014-04-11,195.03999299999998,197.0,194.270004,195.190002,167.47673,4835000
491,2014-04-14,196.240005,198.240005,195.880005,197.770004,169.69035300000002,5431100
492,2014-04-15,195.979996,197.41000400000001,195.419998,197.020004,169.04689,5351300
493,2014-04-16,198.050003,198.71000700000002,195.0,196.399994,168.51490800000002,8527300
494,2014-04-17,187.25,190.699997,187.009995,190.009995,163.032166,11249600
495,2014-04-21,189.800003,192.809998,189.740005,192.270004,164.971298,5419700
496,2014-04-22,192.009995,193.0,191.199997,192.149994,164.868317,3878600
497,2014-04-23,191.78999299999998,192.41000400000001,190.110001,191.729996,164.50795,4736400
498,2014-04-24,192.220001,192.220001,190.029999,190.220001,163.21234099999998,4407100
499,2014-04-25,190.53999299999998,190.669998,189.110001,189.630005,162.70611599999998,3871000
500,2014-04-28,191.139999,193.990005,190.580002,193.139999,165.717773,5638300
501,2014-04-29,193.58999599999999,195.940002,193.41000400000001,195.110001,167.408035,4626300
502,2014-04-30,194.380005,196.860001,194.350006,196.470001,168.574951,4206800
503,2014-05-01,196.309998,196.740005,193.149994,193.529999,166.05238300000002,3674000
504,2014-05-02,193.75,193.83999599999999,191.25,191.440002,164.259109,3049900
505,2014-05-05,191.050003,191.490005,189.800003,191.259995,164.104691,2222100
506,2014-05-06,190.929993,190.949997,189.25,190.029999,163.04934699999998,3188700
507,2014-05-07,189.33999599999999,190.300003,186.929993,189.300003,163.368683,3821000
508,2014-05-08,189.16000400000001,190.570007,188.229996,188.91000400000001,163.032074,2431900
509,2014-05-09,188.979996,190.58999599999999,188.369995,190.080002,164.041779,2261600
510,2014-05-12,191.119995,193.020004,190.940002,192.570007,166.19072,3777400
511,2014-05-13,192.78999299999998,193.029999,191.759995,192.190002,165.862762,2226600
512,2014-05-14,191.91000400000001,191.990005,188.169998,188.720001,162.868088,5251500
513,2014-05-15,189.070007,189.080002,186.179993,186.46000700000002,160.917709,4202200
514,2014-05-16,186.270004,187.41000400000001,185.929993,187.059998,161.435471,3949500
515,2014-05-19,186.610001,187.130005,186.03999299999998,187.0,161.383728,3270700
516,2014-05-20,186.25,186.699997,184.699997,184.889999,159.56274399999998,3026500
517,2014-05-21,185.850006,187.16000400000001,184.949997,186.389999,160.857239,2988000
518,2014-05-22,186.449997,186.449997,185.029999,185.679993,160.244537,2218000
519,2014-05-23,185.83999599999999,186.139999,185.309998,185.940002,160.468918,2562900
520,2014-05-27,184.800003,185.649994,183.929993,184.779999,159.467804,4793800
521,2014-05-28,184.479996,184.880005,182.940002,183.080002,158.00067099999998,3721600
522,2014-05-29,183.639999,183.779999,182.330002,183.759995,158.58754,2759900
523,2014-05-30,183.380005,184.570007,182.490005,184.360001,159.105362,4620500
524,2014-06-02,184.759995,186.279999,184.669998,185.690002,160.253143,3200500
525,2014-06-03,185.550003,185.759995,184.119995,184.369995,159.11393700000002,2517100
526,2014-06-04,184.71000700000002,185.449997,184.199997,184.509995,159.234787,2376800
527,2014-06-05,184.66000400000001,186.08999599999999,183.919998,185.979996,160.503433,2852200
528,2014-06-06,186.470001,187.649994,185.899994,186.369995,160.840027,3296700
529,2014-06-09,186.220001,187.639999,185.96000700000002,186.220001,160.710556,2728400
530,2014-06-10,186.199997,186.220001,183.820007,184.28999299999998,159.044952,4154900
531,2014-06-11,183.610001,184.199997,182.009995,182.25,157.284409,4061700
532,2014-06-12,182.479996,182.550003,180.91000400000001,181.220001,156.395477,4425300
533,2014-06-13,182.0,183.0,181.520004,182.559998,157.551941,2773600
534,2014-06-16,182.399994,182.71000700000002,181.240005,182.350006,157.370697,3556200
535,2014-06-17,181.899994,182.809998,181.559998,182.259995,157.293015,2460900
536,2014-06-18,182.03999299999998,183.610001,181.78999299999998,183.600006,158.449448,3931800
537,2014-06-19,184.119995,184.470001,182.360001,182.820007,157.776306,3551100
538,2014-06-20,182.58999599999999,182.669998,181.399994,181.550003,156.680283,10686800
539,2014-06-23,181.919998,182.25,181.0,182.139999,157.18945300000001,3231700
540,2014-06-24,181.5,183.0,180.649994,180.880005,156.10206599999998,3875400
541,2014-06-25,180.25,180.970001,180.059998,180.720001,155.96395900000002,2762800
542,2014-06-26,180.869995,181.369995,179.270004,180.369995,155.661911,3258500
543,2014-06-27,179.770004,182.46000700000002,179.66000400000001,181.71000700000002,156.81835900000002,4575500
544,2014-06-30,181.330002,181.929993,180.259995,181.270004,156.43866,4223800
545,2014-07-01,181.699997,187.270004,181.699997,186.350006,160.822784,6643100
546,2014-07-02,186.33999599999999,188.990005,186.169998,188.389999,162.583282,5093000
547,2014-07-03,188.389999,188.809998,187.350006,188.529999,162.704117,2422400
548,2014-07-07,187.610001,188.270004,187.440002,188.03999299999998,162.281219,2958700
549,2014-07-08,187.649994,188.080002,186.369995,187.220001,161.573578,3135100
550,2014-07-09,187.679993,188.899994,186.889999,188.419998,162.609161,3309600
551,2014-07-10,186.440002,188.050003,186.21000700000002,187.699997,161.98783899999998,3177800
552,2014-07-11,187.729996,188.350006,186.71000700000002,188.0,162.24671899999998,2402500
553,2014-07-14,188.550003,190.440002,188.529999,189.860001,163.851929,4501100
554,2014-07-15,189.53999299999998,190.080002,188.21000700000002,188.490005,162.669601,4864700
555,2014-07-16,192.240005,193.360001,190.759995,192.360001,166.00946000000002,7812600
556,2014-07-17,192.360001,195.949997,192.0,192.490005,166.12162800000002,8872300
557,2014-07-18,191.96000700000002,193.440002,190.0,192.5,166.13028,8166400
558,2014-07-21,191.300003,191.699997,189.25,190.850006,164.706329,4154400
559,2014-07-22,191.58999599999999,194.720001,191.559998,194.08999599999999,167.50247199999998,4853000
560,2014-07-23,194.110001,194.899994,193.570007,193.630005,167.10553000000002,3584200
561,2014-07-24,193.949997,195.619995,193.75,195.240005,168.49496499999998,3612700
562,2014-07-25,195.300003,195.899994,193.78999299999998,194.399994,167.77002,3376400
563,2014-07-28,194.300003,196.399994,193.649994,195.779999,168.960983,3242400
564,2014-07-29,195.300003,195.889999,194.53999299999998,194.570007,167.91674799999998,3264100
565,2014-07-30,195.199997,195.990005,192.899994,194.0,167.42481999999998,3943800
566,2014-07-31,192.83999599999999,194.28999299999998,191.53999299999998,191.669998,165.414001,4207500
567,2014-08-01,190.5,191.5,188.860001,189.149994,163.239182,5181100
568,2014-08-04,189.350006,189.949997,188.600006,189.639999,163.662064,2125900
569,2014-08-05,188.75,189.199997,186.440002,187.100006,161.470001,3307900
570,2014-08-06,185.360001,186.880005,184.440002,185.970001,161.443954,3847000
571,2014-08-07,186.639999,186.679993,183.580002,184.300003,159.994217,2708600
572,2014-08-08,184.399994,186.669998,183.580002,186.630005,162.016937,2781500
573,2014-08-11,187.809998,188.360001,186.279999,187.470001,162.74615500000002,2527200
574,2014-08-12,187.449997,188.690002,186.809998,187.33999599999999,162.633301,1858600
575,2014-08-13,188.0,188.479996,187.369995,187.949997,163.162872,1795000
576,2014-08-14,187.570007,188.169998,186.929993,187.880005,163.102097,1929500
577,2014-08-15,187.850006,188.880005,186.78999299999998,187.380005,162.668015,2814800
578,2014-08-18,188.100006,189.809998,187.759995,189.360001,164.386902,2420300
579,2014-08-19,190.03999299999998,190.25,189.360001,190.070007,165.003265,2040100
580,2014-08-20,189.860001,190.389999,189.25,190.100006,165.02929699999999,2177600
581,2014-08-21,190.899994,192.070007,190.5,191.229996,166.010284,2496500
582,2014-08-22,190.770004,191.880005,190.28999299999998,190.41000400000001,165.298447,1940300
583,2014-08-25,191.389999,191.809998,190.71000700000002,191.16000400000001,165.94946299999998,1723600
584,2014-08-26,191.020004,193.529999,191.020004,192.990005,167.538147,3175400
585,2014-08-27,193.029999,194.130005,191.559998,192.25,166.895767,2190200
586,2014-08-28,191.470001,192.300003,190.66000400000001,192.0,166.67871100000002,1503600
587,2014-08-29,192.279999,192.75,191.139999,192.300003,166.939178,2909400
588,2014-09-02,192.679993,192.970001,190.929993,191.559998,166.296768,2679700
589,2014-09-03,192.389999,192.949997,191.860001,191.949997,166.635315,1822800
590,2014-09-04,191.690002,192.690002,190.059998,190.679993,165.532806,2865000
591,2014-09-05,190.529999,191.75,190.08999599999999,191.199997,165.984207,2260200
592,2014-09-08,190.75,191.199997,189.509995,190.139999,165.064041,2524200
593,2014-09-09,190.33999599999999,190.740005,189.779999,189.990005,164.933807,2403600
594,2014-09-10,190.119995,192.149994,190.100006,191.53999299999998,166.27938799999998,2764000
595,2014-09-11,191.080002,192.779999,190.119995,191.720001,166.435654,2298500
596,2014-09-12,191.470001,191.600006,190.570007,191.279999,166.053665,2901000
597,2014-09-15,191.419998,192.490005,190.580002,191.809998,166.513779,2456400
598,2014-09-16,191.25,193.570007,190.820007,192.96000700000002,167.512131,2561500
599,2014-09-17,193.220001,193.639999,192.300003,192.800003,167.373245,3210800
600,2014-09-18,192.78999299999998,194.130005,192.71000700000002,193.75,168.19793700000002,2963300
601,2014-09-19,194.53999299999998,195.0,193.190002,194.0,168.414948,8852000
602,2014-09-22,193.720001,194.139999,192.630005,193.110001,167.642334,3318000
603,2014-09-23,192.75,193.070007,191.520004,191.619995,166.348816,3301800
604,2014-09-24,191.0,192.449997,189.880005,192.309998,166.9478,3082600
605,2014-09-25,192.050003,192.5,188.970001,189.009995,164.083054,4151400
606,2014-09-26,188.929993,190.330002,188.610001,190.059998,164.994568,2493900
607,2014-09-29,188.509995,189.96000700000002,188.119995,189.639999,164.629959,2336300
608,2014-09-30,189.639999,190.850006,189.149994,189.830002,164.794907,2932600
609,2014-10-01,189.91000400000001,190.399994,186.78999299999998,187.169998,162.485703,3723200
610,2014-10-02,187.66000400000001,187.779999,186.240005,186.91000400000001,162.26004,2283100
611,2014-10-03,188.110001,189.369995,187.559998,188.669998,163.78788799999998,3071500
612,2014-10-06,189.690002,190.889999,188.71000700000002,189.03999299999998,164.10908500000002,2099500
613,2014-10-07,187.770004,188.119995,185.53999299999998,185.71000700000002,161.218262,2991300
614,2014-10-08,185.970001,189.600006,185.610001,189.360001,164.386902,2984800
615,2014-10-09,189.119995,189.5,186.08999599999999,186.419998,161.834625,2625400
616,2014-10-10,185.860001,187.740005,185.100006,185.929993,161.409225,5090200
617,2014-10-13,185.490005,186.649994,183.419998,183.520004,159.317078,3596700
618,2014-10-14,184.889999,185.720001,183.58999599999999,183.800003,159.560196,3924700
619,2014-10-15,182.46000700000002,183.78999299999998,178.75,181.75,157.780502,6895800
620,2014-10-16,179.800003,181.479996,178.690002,179.83999599999999,156.122421,5578600
621,2014-10-17,181.240005,182.83999599999999,180.220001,182.050003,158.040955,4350200
622,2014-10-20,166.850006,170.330002,166.690002,169.100006,146.79882800000001,23416500
623,2014-10-21,166.399994,166.679993,161.679993,163.229996,141.70294199999998,20949800
624,2014-10-22,162.41000400000001,165.41000400000001,161.100006,161.78999299999998,140.45288100000002,11084800
625,2014-10-23,162.119995,162.830002,161.53999299999998,162.179993,140.791397,7599400
626,2014-10-24,162.080002,162.440002,161.449997,162.080002,140.70462,6652100
627,2014-10-27,162.0,162.91000400000001,161.809998,161.869995,140.522324,4989100
628,2014-10-28,162.0,163.600006,161.800003,163.600006,142.02417,7895300
629,2014-10-29,164.330002,164.619995,162.759995,163.46000700000002,141.902634,4739300
630,2014-10-30,163.5,164.619995,163.020004,164.350006,142.675262,3896000
631,2014-10-31,165.479996,165.58999599999999,163.619995,164.399994,142.718628,5818000
632,2014-11-03,164.25,164.53999299999998,163.380005,164.360001,142.683929,4688200
633,2014-11-04,164.33999599999999,164.360001,162.240005,162.649994,141.19946299999998,4246900
634,2014-11-05,163.130005,163.53999299999998,161.559998,161.820007,140.478928,4104700
635,2014-11-06,161.279999,161.529999,160.050003,161.46000700000002,141.125702,4067600
636,2014-11-07,161.419998,162.21000700000002,160.850006,162.070007,141.658875,3494800
637,2014-11-10,161.899994,164.470001,161.610001,163.490005,142.900024,4958200
638,2014-11-11,163.699997,163.899994,162.600006,163.300003,142.733978,3534400
639,2014-11-12,162.279999,163.0,161.759995,161.919998,141.527756,3378200
640,2014-11-13,162.0,162.800003,161.800003,162.78999299999998,142.288208,3239700
641,2014-11-14,162.100006,164.490005,161.690002,164.16000400000001,143.485687,4978400
642,2014-11-17,164.16000400000001,164.970001,163.720001,164.16000400000001,143.485687,4798900
643,2014-11-18,164.729996,164.75,161.889999,161.889999,141.501556,5410100
644,2014-11-19,162.050003,162.100006,160.96000700000002,161.429993,141.099487,3802600
645,2014-11-20,160.949997,161.5,159.800003,160.639999,140.408981,4183100
646,2014-11-21,161.830002,161.949997,160.75,160.919998,140.653717,4076900
647,2014-11-24,161.53999299999998,163.860001,161.059998,162.149994,141.72879,6619000
648,2014-11-25,162.649994,163.5,161.559998,161.759995,141.387909,4062400
649,2014-11-26,161.929993,162.100006,161.009995,161.949997,141.554016,3966000
650,2014-11-28,162.75,163.369995,161.440002,162.169998,141.746307,2405500
651,2014-12-01,161.639999,163.320007,161.350006,161.53999299999998,141.195648,4168400
652,2014-12-02,162.470001,162.729996,161.639999,162.669998,142.183334,3465700
653,2014-12-03,162.470001,164.520004,162.0,164.520004,143.80033899999998,6429100
654,2014-12-04,164.009995,164.5,163.009995,164.050003,143.389542,3859400
655,2014-12-05,163.610001,164.5,162.91000400000001,163.270004,142.707794,3013500
656,2014-12-08,163.28999299999998,163.28999299999998,161.53999299999998,161.860001,141.475311,2851000
657,2014-12-09,160.83999599999999,163.020004,160.800003,162.990005,142.463043,3861200
658,2014-12-10,163.009995,163.330002,160.029999,160.509995,140.295349,4072800
659,2014-12-11,160.820007,162.929993,160.520004,161.070007,140.784836,3989600
660,2014-12-12,160.25,160.5,155.330002,155.380005,135.811417,8611700
661,2014-12-15,155.929993,156.740005,152.83999599999999,153.059998,133.783615,6500300
662,2014-12-16,152.029999,154.889999,150.5,151.41000400000001,132.341431,6782600
663,2014-12-17,151.520004,153.309998,151.110001,151.929993,132.795944,5131000
664,2014-12-18,153.580002,157.679993,153.300003,157.679993,137.821777,7302400
665,2014-12-19,157.490005,160.41000400000001,157.490005,158.509995,138.547211,8864900
666,2014-12-22,158.330002,161.91000400000001,158.330002,161.440002,141.10823100000002,4682500
667,2014-12-23,162.229996,162.899994,161.610001,162.240005,141.80748,4043300
668,2014-12-24,162.880005,162.990005,161.610001,161.820007,141.44039899999999,1868100
669,2014-12-26,162.270004,163.08999599999999,162.009995,162.33999599999999,141.894867,1912200
670,2014-12-29,162.0,162.33999599999999,159.449997,160.509995,140.295349,3331800
671,2014-12-30,160.020004,160.820007,159.78999299999998,160.050003,139.893295,2829900
672,2014-12-31,160.41000400000001,161.5,160.380005,160.440002,140.234177,4011900
673,2015-01-02,161.309998,163.309998,161.0,162.059998,141.65016200000002,5525500
674,2015-01-05,161.270004,161.270004,159.190002,159.509995,139.42131,4880400
675,2015-01-06,159.669998,159.96000700000002,155.169998,156.070007,136.414536,6146700
676,2015-01-07,157.199997,157.199997,154.029999,155.050003,135.522995,4701800
677,2015-01-08,156.240005,159.03999299999998,155.550003,158.419998,138.468552,4236800
678,2015-01-09,158.419998,160.33999599999999,157.25,159.110001,139.071671,4484800
679,2015-01-12,159.0,159.25,155.759995,156.440002,136.737961,4182800
680,2015-01-13,157.259995,159.970001,155.679993,156.809998,137.06135600000002,4377500
681,2015-01-14,154.860001,156.490005,153.740005,155.800003,136.17851299999998,4690300
682,2015-01-15,156.690002,156.970001,154.16000400000001,154.570007,135.10343899999998,4248400
683,2015-01-16,153.820007,157.630005,153.820007,157.139999,137.34979199999998,5756000
684,2015-01-20,156.699997,157.330002,154.029999,156.949997,137.183701,8017800
685,2015-01-21,153.029999,154.5,151.070007,152.08999599999999,132.935791,11897100
686,2015-01-22,151.940002,155.720001,151.759995,155.389999,135.820175,6120100
687,2015-01-23,155.029999,157.600006,154.889999,155.869995,136.239716,4812200
688,2015-01-26,158.259995,159.46000700000002,155.770004,156.360001,136.668045,7888100
689,2015-01-27,154.940002,155.08999599999999,152.58999599999999,153.669998,134.316788,5659600
690,2015-01-28,154.0,154.529999,151.550003,151.550003,132.463821,4495900
691,2015-01-29,151.380005,155.580002,149.520004,155.479996,135.89883400000002,8320800
692,2015-01-30,153.91000400000001,155.240005,153.03999299999998,153.309998,134.002136,6563600
693,2015-02-02,154.0,154.66000400000001,151.509995,154.66000400000001,135.182098,4712200
694,2015-02-03,154.75,158.600006,154.75,158.470001,138.512268,5536300
695,2015-02-04,157.21000700000002,158.71000700000002,156.699997,156.96000700000002,137.192459,3678500
696,2015-02-05,157.28999299999998,158.58999599999999,157.149994,157.91000400000001,138.022797,5253600
697,2015-02-06,157.33999599999999,158.080002,156.229996,156.720001,137.943604,3225000
698,2015-02-09,156.0,157.5,155.399994,155.75,137.089798,3057700
699,2015-02-10,156.740005,158.559998,155.080002,158.559998,139.56317099999998,4440600
700,2015-02-11,157.759995,159.08999599999999,157.169998,158.199997,139.246277,3626700
701,2015-02-12,158.720001,159.5,158.08999599999999,158.520004,139.527954,3333100
702,2015-02-13,158.779999,160.800003,158.639999,160.399994,141.182678,3706900
703,2015-02-17,159.75,161.41000400000001,159.729996,160.96000700000002,141.675613,2894500
704,2015-02-18,161.860001,162.470001,160.639999,162.190002,142.75820900000002,4353700
705,2015-02-19,162.050003,164.490005,161.440002,163.889999,144.254547,3504400
706,2015-02-20,163.639999,164.33999599999999,162.08999599999999,163.649994,144.043304,3353000
707,2015-02-23,164.229996,164.399994,162.5,162.91000400000001,143.391953,2714400
708,2015-02-24,162.490005,164.990005,161.509995,164.830002,145.081924,4047200
709,2015-02-25,164.940002,164.96000700000002,162.580002,162.809998,143.30393999999998,4004600
710,2015-02-26,163.740005,164.139999,159.770004,160.869995,141.59638999999999,7110800
711,2015-02-27,160.869995,162.28999299999998,160.16000400000001,161.940002,142.538193,4410000
712,2015-03-02,161.940002,161.940002,159.809998,160.479996,141.253082,5917900
713,2015-03-03,160.270004,161.75,160.0,161.029999,141.737198,3234400
714,2015-03-04,160.53999299999998,160.559998,158.720001,159.419998,140.320114,3630500
715,2015-03-05,159.860001,161.5,159.699997,161.179993,141.869232,3791700
716,2015-03-06,160.190002,161.440002,158.059998,158.5,139.51033,4540200
717,2015-03-09,158.199997,161.149994,158.199997,160.770004,141.508331,5193900
718,2015-03-10,159.600006,160.229996,157.809998,157.809998,138.903,4593300
719,2015-03-11,158.570007,159.139999,155.940002,156.800003,138.013977,5709900
720,2015-03-12,156.270004,158.720001,156.270004,157.979996,139.052612,4567300
721,2015-03-13,157.46000700000002,157.520004,153.399994,154.279999,135.795929,6064100
722,2015-03-16,155.050003,157.08999599999999,154.800003,157.080002,138.260483,3749600
723,2015-03-17,156.199997,157.28999299999998,155.369995,156.96000700000002,138.154831,3311700
724,2015-03-18,156.850006,160.699997,155.800003,159.809998,140.663361,5729500
725,2015-03-19,159.699997,160.919998,158.809998,159.809998,140.663361,3878600
726,2015-03-20,160.949997,163.0,160.350006,162.880005,143.365555,9006400
727,2015-03-23,162.770004,165.350006,162.729996,164.630005,144.905914,5924100
728,2015-03-24,164.78999299999998,164.889999,162.899994,163.0,143.47116100000002,4346100
729,2015-03-25,163.080002,163.080002,159.199997,159.199997,140.12648000000002,5428900
730,2015-03-26,159.270004,161.25,158.91000400000001,160.58999599999999,141.34993,4396000
731,2015-03-27,160.78999299999998,160.899994,159.229996,160.399994,141.182678,3439800
732,2015-03-30,161.309998,163.600006,161.25,162.669998,143.18071,4138000
733,2015-03-31,161.080002,162.330002,160.399994,160.5,141.27070600000002,4255400
734,2015-04-01,160.229996,160.619995,158.389999,159.179993,140.10884099999998,3687800
735,2015-04-02,159.520004,162.53999299999998,158.889999,160.449997,141.22671499999998,4671600
736,2015-04-06,159.690002,162.800003,158.699997,162.03999299999998,142.626205,3465700
737,2015-04-07,161.669998,163.83999599999999,161.619995,162.070007,142.652618,3148000
738,2015-04-08,161.720001,163.550003,161.009995,161.850006,142.459,2524300
739,2015-04-09,161.699997,162.470001,160.720001,162.33999599999999,142.89025900000001,2263500
740,2015-04-10,162.33999599999999,163.330002,161.25,162.860001,143.347961,2515700
741,2015-04-13,162.369995,164.0,162.360001,162.380005,142.925507,3868900
742,2015-04-14,162.419998,162.740005,160.78999299999998,162.300003,142.855072,2716200
743,2015-04-15,162.630005,164.96000700000002,162.5,164.130005,144.46583600000002,3498800
744,2015-04-16,163.309998,163.979996,162.53999299999998,163.130005,143.58561699999998,3136900
745,2015-04-17,161.75,161.860001,160.029999,160.669998,141.420334,4314400
746,2015-04-20,162.100006,166.639999,161.899994,166.16000400000001,146.252625,9323000
747,2015-04-21,166.070007,167.380005,164.050003,164.259995,144.58021499999998,9683600
748,2015-04-22,164.389999,166.0,162.889999,165.360001,145.548462,4024800
749,2015-04-23,165.229996,171.91000400000001,165.139999,170.240005,149.843765,8235600
750,2015-04-24,170.229996,170.850006,168.740005,169.779999,149.438889,3888400
751,2015-04-27,170.889999,171.490005,170.300003,170.729996,150.27507,3168600
752,2015-04-28,170.830002,174.690002,170.020004,173.919998,153.082901,5816700
753,2015-04-29,173.399994,175.130005,172.800003,174.399994,153.50538600000002,4518400
754,2015-04-30,173.770004,174.279999,170.300003,171.28999299999998,150.76799,5062900
755,2015-05-01,173.199997,174.0,172.419998,173.669998,152.862869,3312100
756,2015-05-04,174.470001,176.300003,173.699997,173.970001,153.126892,4028000
757,2015-05-05,173.509995,174.229996,171.96000700000002,173.080002,152.343521,3593600
758,2015-05-06,172.899994,174.050003,168.860001,170.050003,150.80925,3612600
759,2015-05-07,169.630005,171.979996,169.03999299999998,170.990005,152.811111,2472000
760,2015-05-08,172.940002,173.330002,172.240005,172.679993,154.321426,3092600
761,2015-05-11,172.649994,172.990005,170.860001,171.119995,152.927277,2661000
762,2015-05-12,170.550003,171.490005,168.83999599999999,170.550003,152.417892,2962400
763,2015-05-13,171.240005,172.740005,170.75,172.279999,153.963943,2457500
764,2015-05-14,173.5,174.399994,173.220001,174.050003,155.545776,2439100
765,2015-05-15,173.91000400000001,174.41000400000001,172.600006,173.259995,154.839798,2916600
766,2015-05-18,173.440002,173.490005,172.300003,173.059998,154.661026,1923600
767,2015-05-19,172.970001,173.75,171.929993,173.479996,155.036407,2523000
768,2015-05-20,173.330002,174.440002,172.46000700000002,173.759995,155.286591,2300300
769,2015-05-21,173.320007,174.139999,173.03999299999998,173.33999599999999,154.91127,2295600
770,2015-05-22,173.03999299999998,173.389999,172.190002,172.220001,153.910355,2849700
771,2015-05-26,172.110001,172.119995,169.130005,170.130005,152.04255700000002,3854200
772,2015-05-27,171.16000400000001,172.479996,170.490005,172.0,153.71373,2764400
773,2015-05-28,171.449997,171.83999599999999,170.66000400000001,171.71000700000002,153.45455900000002,1731400
774,2015-05-29,171.350006,171.350006,169.649994,169.649994,151.613571,3996000
775,2015-06-01,170.21000700000002,171.03999299999998,169.029999,170.179993,152.087219,2985500
776,2015-06-02,169.66000400000001,170.449997,168.429993,169.649994,151.613571,2571400
777,2015-06-03,170.5,171.559998,169.630005,169.919998,151.854858,2131000
778,2015-06-04,169.529999,170.600006,167.929993,168.380005,150.478607,3079300
779,2015-06-05,168.25,168.91000400000001,167.199997,167.399994,149.602753,3100500
780,2015-06-08,167.169998,167.279999,165.020004,165.33999599999999,147.76181,3757400
781,2015-06-09,165.33999599999999,166.020004,163.369995,165.679993,148.065659,3395900
782,2015-06-10,166.490005,169.389999,166.059998,168.919998,150.96121200000002,4680500
783,2015-06-11,169.259995,170.440002,168.53999299999998,168.779999,150.836075,3464000
784,2015-06-12,168.229996,168.300003,166.690002,166.990005,149.236389,3065100
785,2015-06-15,166.990005,166.990005,164.25,166.259995,148.584,4245700
786,2015-06-16,166.330002,167.399994,165.91000400000001,166.83999599999999,149.102341,3249800
787,2015-06-17,167.0,167.850006,166.100006,167.169998,149.397232,2863000
788,2015-06-18,167.050003,168.720001,167.050003,168.25,150.362396,3330900
789,2015-06-19,167.619995,168.419998,166.770004,166.990005,149.236389,7074000
790,2015-06-22,167.649994,168.33999599999999,167.199997,167.729996,149.897705,2335800
791,2015-06-23,168.380005,169.970001,167.570007,168.619995,150.693069,3701600
792,2015-06-24,168.71000700000002,168.83999599999999,166.830002,166.970001,149.21850600000002,3548100
793,2015-06-25,167.800003,168.130005,166.080002,166.080002,148.423111,2408900
794,2015-06-26,166.229996,166.809998,165.229996,165.46000700000002,147.869049,8946000
795,2015-06-29,163.919998,165.350006,162.889999,162.970001,145.643768,3314700
796,2015-06-30,163.990005,164.0,162.119995,162.66000400000001,145.36673000000002,3597300
797,2015-07-01,163.970001,165.610001,163.600006,164.490005,147.002167,3214500
798,2015-07-02,165.050003,165.320007,164.419998,165.08999599999999,147.538376,2852700
799,2015-07-06,163.830002,165.229996,163.520004,164.729996,147.21666000000002,3079800
800,2015-07-07,164.940002,165.350006,162.229996,165.0,147.457947,3549900
801,2015-07-08,164.0,164.940002,162.679993,163.16000400000001,145.813583,2776300
802,2015-07-09,165.33999599999999,165.509995,163.699997,163.850006,146.430206,4199700
803,2015-07-10,165.66000400000001,167.399994,165.520004,166.949997,149.200638,4538300
804,2015-07-13,167.929993,169.889999,167.520004,169.380005,151.372284,4229000
805,2015-07-14,169.429993,169.53999299999998,168.240005,168.610001,150.684174,3025300
806,2015-07-15,168.479996,169.270004,168.0,168.529999,150.61265600000002,1998000
807,2015-07-16,169.470001,171.08999599999999,169.16000400000001,171.0,152.820053,3529900
808,2015-07-17,170.330002,172.520004,170.100006,172.509995,154.16949499999998,4356400
809,2015-07-20,172.78999299999998,173.779999,172.139999,173.220001,154.804031,7377800
810,2015-07-21,164.33999599999999,166.350006,162.020004,163.070007,145.733139,13752300
811,2015-07-22,162.729996,163.070007,159.699997,160.350006,143.302322,7181800
812,2015-07-23,160.270004,162.75,159.830002,161.729996,144.535599,5034200
813,2015-07-24,161.28999299999998,161.929993,159.41000400000001,159.75,142.766098,3778200
814,2015-07-27,159.0,160.179993,158.600006,159.070007,142.158417,3706200
815,2015-07-28,159.91000400000001,160.190002,158.5,160.050003,143.034225,2721000
816,2015-07-29,160.0,161.5,159.389999,161.08999599999999,143.96363799999997,3378400
817,2015-07-30,160.5,161.399994,159.75,160.96000700000002,143.84745800000002,1994700
818,2015-07-31,161.399994,162.059998,160.630005,161.990005,144.767944,3580200
819,2015-08-03,161.699997,161.850006,157.899994,158.71000700000002,141.83667,4615700
820,2015-08-04,158.399994,158.820007,156.869995,157.600006,140.844681,5260600
821,2015-08-05,159.100006,159.53999299999998,157.479996,157.899994,141.112762,3472800
822,2015-08-06,157.130005,157.53999299999998,156.179993,156.320007,140.860489,3004800
823,2015-08-07,155.889999,156.25,154.33999599999999,155.119995,139.77916000000002,3794900
824,2015-08-10,156.770004,157.470001,156.119995,156.75,141.24794,4613400
825,2015-08-11,155.96000700000002,155.990005,154.860001,155.509995,140.130585,3143300
826,2015-08-12,154.259995,156.520004,153.949997,156.16000400000001,140.716293,3560300
827,2015-08-13,156.059998,156.08999599999999,154.320007,155.070007,139.73408500000002,2533400
828,2015-08-14,155.0,156.21000700000002,154.580002,155.75,140.346848,3220300
829,2015-08-17,155.199997,156.690002,154.699997,156.309998,140.851471,2249600
830,2015-08-18,155.509995,156.520004,155.25,156.009995,140.581161,2018300
831,2015-08-19,155.149994,155.669998,153.41000400000001,153.940002,138.715866,4206400
832,2015-08-20,152.740005,153.91000400000001,152.5,152.66000400000001,137.562424,4011500
833,2015-08-21,151.5,153.190002,148.699997,148.850006,134.129288,7362100
834,2015-08-24,143.470001,147.759995,143.0,143.470001,129.28131100000002,10189700
835,2015-08-25,146.940002,147.110001,140.619995,140.96000700000002,127.019539,7073200
836,2015-08-26,144.08999599999999,146.979996,142.139999,146.699997,132.19186399999998,6221800
837,2015-08-27,148.5,148.970001,145.66000400000001,148.53999299999998,133.849884,4976600
838,2015-08-28,147.75,148.199997,147.179993,147.979996,133.34526100000002,4076300
839,2015-08-31,147.380005,148.399994,146.259995,147.889999,133.26416,4062600
840,2015-09-01,144.91000400000001,144.979996,141.850006,142.679993,128.569443,5272000
841,2015-09-02,144.740005,145.080002,143.179993,145.050003,130.705048,4252000
842,2015-09-03,146.050003,148.029999,145.770004,146.779999,132.263931,3603500
843,2015-09-04,144.570007,145.399994,143.320007,143.699997,129.488541,4201100
844,2015-09-08,145.860001,147.33999599999999,145.66000400000001,147.229996,132.669449,3933300
845,2015-09-09,148.740005,149.03999299999998,144.850006,145.050003,130.705048,3380000
846,2015-09-10,145.850006,147.16000400000001,144.509995,146.199997,131.741318,3461700
847,2015-09-11,145.91000400000001,147.5,145.669998,147.369995,132.795593,3115100
848,2015-09-14,147.369995,147.369995,145.41000400000001,145.649994,131.245697,3226700
849,2015-09-15,146.600006,147.929993,145.759995,147.529999,132.939789,2709500
850,2015-09-16,147.83999599999999,148.889999,147.53999299999998,148.41000400000001,133.732742,2799200
851,2015-09-17,148.100006,149.679993,147.300003,148.139999,133.489471,4003000
852,2015-09-18,146.050003,146.389999,143.979996,144.509995,130.218445,7776500
853,2015-09-21,145.389999,146.979996,144.919998,146.479996,131.993622,3825000
854,2015-09-22,144.619995,145.059998,143.770004,144.429993,130.146347,3564100
855,2015-09-23,144.21000700000002,144.570007,142.75,143.66000400000001,129.452469,2674200
856,2015-09-24,142.600006,145.070007,141.949997,144.41000400000001,130.128342,3280300
857,2015-09-25,145.550003,146.270004,144.529999,145.419998,131.038467,3474400
858,2015-09-28,144.419998,145.380005,142.470001,142.520004,128.42524699999998,4317300
859,2015-09-29,141.990005,142.66000400000001,141.149994,142.470001,128.380203,4763500
860,2015-09-30,143.690002,145.71000700000002,143.66000400000001,144.970001,130.63298,3923900
861,2015-10-01,145.309998,145.669998,141.58999599999999,143.58999599999999,129.38942,3880900
862,2015-10-02,141.050003,144.58999599999999,140.559998,144.580002,130.281525,3054400
863,2015-10-05,145.820007,149.889999,145.820007,149.03999299999998,134.300446,5131800
864,2015-10-06,149.059998,150.149994,148.490005,148.779999,134.06616200000002,3018100
865,2015-10-07,150.03999299999998,150.729996,148.860001,150.08999599999999,135.246597,2980800
866,2015-10-08,149.690002,153.020004,149.28999299999998,152.279999,137.220032,4794400
867,2015-10-09,152.46000700000002,153.149994,151.270004,152.389999,137.319168,3531100
868,2015-10-12,152.399994,152.580002,150.850006,151.139999,136.192749,3227600
869,2015-10-13,150.779999,150.779999,149.179993,149.619995,134.82308999999998,3915700
870,2015-10-14,149.600006,150.649994,149.020004,150.009995,135.17453,3353000
871,2015-10-15,150.91000400000001,151.240005,148.580002,150.08999599999999,135.246597,3476200
872,2015-10-16,150.449997,151.199997,149.259995,150.389999,135.516937,3483700
873,2015-10-19,149.850006,149.970001,148.380005,149.220001,134.462646,7954700
874,2015-10-20,142.490005,142.880005,140.270004,140.639999,126.731171,15928800
875,2015-10-21,140.25,142.66000400000001,139.300003,140.919998,126.983475,6990600
876,2015-10-22,141.740005,145.070007,141.619995,144.08999599999999,129.83999599999999,5583200
877,2015-10-23,144.610001,145.490005,143.699997,144.679993,130.37162800000002,5370400
878,2015-10-26,144.75,145.0,143.21000700000002,143.66000400000001,129.452469,3489400
879,2015-10-27,143.509995,143.830002,137.330002,137.860001,124.22613500000001,15008500
880,2015-10-28,137.919998,141.229996,137.5,140.830002,126.902405,8511400
881,2015-10-29,140.360001,140.820007,139.020004,140.550003,126.65006299999999,3702500
882,2015-10-30,140.440002,141.330002,139.899994,140.080002,126.22656299999998,3984000
883,2015-11-02,140.5,140.520004,139.570007,140.369995,126.4879,3822200
884,2015-11-03,140.020004,142.800003,139.899994,141.880005,127.848557,4349400
885,2015-11-04,142.550003,142.649994,141.300003,141.630005,127.623291,3507600
886,2015-11-05,141.610001,142.380005,139.630005,139.889999,126.055351,5096900
887,2015-11-06,138.600006,139.550003,137.869995,138.25,125.746094,4744900
888,2015-11-09,137.919998,138.080002,134.880005,135.309998,123.072006,8075600
889,2015-11-10,135.360001,135.740005,134.119995,135.470001,123.217522,4520800
890,2015-11-11,136.08999599999999,136.199997,134.5,135.020004,122.80823500000001,3164800
891,2015-11-12,134.699997,134.699997,133.009995,133.03999299999998,121.007309,4701400
892,2015-11-13,132.949997,133.0,131.649994,131.75,119.833992,4613800
893,2015-11-16,131.78999299999998,134.08999599999999,131.78999299999998,133.71000700000002,121.61673,4190800
894,2015-11-17,134.220001,134.820007,133.309998,133.820007,121.71678200000001,2815100
895,2015-11-18,134.78999299999998,135.91000400000001,134.259995,135.820007,123.53588899999998,4149200
896,2015-11-19,136.21000700000002,137.740005,136.009995,136.740005,124.37266499999998,4753600
897,2015-11-20,137.369995,138.919998,137.25,138.5,125.973495,5176400
898,2015-11-23,138.529999,138.869995,137.119995,138.46000700000002,125.937141,5137900
899,2015-11-24,137.649994,139.33999599999999,137.309998,138.600006,126.064453,3407700
900,2015-11-25,138.369995,138.429993,137.380005,138.0,125.51869199999999,3238200
901,2015-11-27,138.0,138.809998,137.21000700000002,138.46000700000002,125.937141,1415800
902,2015-11-30,138.610001,139.899994,138.520004,139.419998,126.81028700000002,4545600
903,2015-12-01,139.580002,141.399994,139.580002,141.279999,128.50206,4195100
904,2015-12-02,140.929993,141.21000700000002,139.5,139.699997,127.064957,3725400
905,2015-12-03,140.100006,140.729996,138.190002,138.919998,126.355492,5909600
906,2015-12-04,138.08999599999999,141.020004,137.990005,140.429993,127.72892,4571600
907,2015-12-07,140.16000400000001,140.41000400000001,138.809998,139.550003,126.92853500000001,3279400
908,2015-12-08,138.279999,139.059998,137.529999,138.050003,125.564201,3905200
909,2015-12-09,137.380005,139.83999599999999,136.229996,136.610001,124.254425,4615000
910,2015-12-10,137.029999,137.850006,135.720001,136.779999,124.40906499999998,4754800
911,2015-12-11,135.229996,135.440002,133.91000400000001,134.570007,122.39893300000001,5333800
912,2015-12-14,135.309998,136.139999,134.020004,135.929993,123.63594099999999,5103800
913,2015-12-15,137.399994,138.970001,137.279999,137.78999299999998,125.32772800000001,4238500
914,2015-12-16,139.119995,139.649994,137.78999299999998,139.28999299999998,126.69203200000001,4345500
915,2015-12-17,139.350006,139.5,136.309998,136.75,124.381775,4089500
916,2015-12-18,136.41000400000001,136.96000700000002,134.270004,134.899994,122.699081,10026100
917,2015-12-21,135.830002,135.830002,134.020004,135.5,123.24483500000001,5617500
918,2015-12-22,135.880005,138.190002,135.649994,137.929993,125.45504,4081000
919,2015-12-23,138.300003,139.309998,138.110001,138.53999299999998,126.00985700000001,5164900
920,2015-12-24,138.429993,138.880005,138.110001,138.25,125.746094,1495200
921,2015-12-28,137.740005,138.03999299999998,136.53999299999998,137.610001,125.163979,3106900
922,2015-12-29,138.25,140.059998,138.199997,139.779999,127.137726,3943700
923,2015-12-30,139.580002,140.440002,139.220001,139.33999599999999,126.737495,2989400
924,2015-12-31,139.070007,139.100006,137.570007,137.619995,125.17308,3462100
925,2016-01-04,135.600006,135.970001,134.240005,135.949997,123.654129,5229400
926,2016-01-05,136.759995,136.889999,134.850006,135.850006,123.563171,3924800
927,2016-01-06,134.380005,135.580002,133.619995,135.169998,122.94466399999999,4310900
928,2016-01-07,133.699997,135.020004,132.429993,132.860001,120.843597,7025800
929,2016-01-08,133.179993,133.820007,131.320007,131.630005,119.724846,4762700
930,2016-01-11,131.809998,133.820007,131.759995,133.229996,121.18013,4967000
931,2016-01-12,133.649994,133.779999,131.130005,132.899994,120.87995900000001,5078700
932,2016-01-13,133.5,134.279999,131.100006,131.169998,119.30645,4700100
933,2016-01-14,131.929993,133.78999299999998,131.220001,132.91000400000001,120.889091,5709600
934,2016-01-15,130.009995,130.880005,128.869995,130.029999,118.269539,9008500
935,2016-01-19,130.110001,132.100006,128.059998,128.110001,116.52320900000001,9979600
936,2016-01-20,118.459999,123.989998,118.0,121.860001,110.838486,16157800
937,2016-01-21,121.300003,125.099998,120.58000200000001,122.910004,111.79351799999999,8851600
938,2016-01-22,124.66999799999999,124.739998,121.769997,122.5,111.420593,9238400
939,2016-01-25,122.099998,124.230003,121.639999,122.08000200000001,111.03858899999999,5446000
940,2016-01-26,122.25,123.610001,122.239998,122.589996,111.50244099999999,4613700
941,2016-01-27,122.730003,123.370003,120.650002,120.959999,110.019875,5026400
942,2016-01-28,121.260002,122.83000200000001,121.010002,122.220001,111.16590900000001,3942500
943,2016-01-29,123.279999,124.790001,122.959999,124.790001,113.503479,8248100
944,2016-02-01,124.400002,125.290001,123.709999,124.83000200000001,113.53987099999999,3574900
945,2016-02-02,123.66999799999999,124.139999,122.639999,122.940002,111.820816,3287300
946,2016-02-03,123.989998,125.449997,122.290001,124.720001,113.43981200000002,6223500
947,2016-02-04,125.08000200000001,128.5,125.0,127.650002,116.104813,5195800
948,2016-02-05,127.220001,128.639999,125.849998,128.570007,116.94162,7177700
949,2016-02-08,126.0,127.510002,124.129997,126.980003,116.67513999999998,7364000
950,2016-02-09,126.120003,126.93,123.769997,124.07,114.001297,5922600
951,2016-02-10,125.0,125.290001,119.839996,120.190002,110.436172,6469100
952,2016-02-11,118.779999,119.660004,116.900002,117.849998,108.28607199999999,7307600
953,2016-02-12,119.260002,121.050003,118.349998,121.040001,111.21718600000001,4936500
954,2016-02-16,121.83000200000001,123.089996,121.339996,122.739998,112.77921299999998,4061400
955,2016-02-17,123.709999,126.57,123.25,126.099998,115.866547,4821000
956,2016-02-18,130.0,134.0,129.75,132.449997,121.701218,9951600
957,2016-02-19,132.360001,133.649994,130.83999599999999,133.080002,122.280098,5125300
958,2016-02-22,133.080002,134.309998,132.41000400000001,133.770004,122.914124,4457400
959,2016-02-23,133.139999,133.41000400000001,132.009995,132.399994,121.655273,3439700
960,2016-02-24,131.550003,133.490005,129.679993,132.800003,122.02283500000001,4122600
961,2016-02-25,133.28999299999998,134.509995,130.880005,134.5,123.584854,4353600
962,2016-02-26,134.509995,134.919998,131.949997,132.029999,121.31531499999998,4386200
963,2016-02-29,132.0,133.360001,130.899994,131.029999,120.396454,4428000
964,2016-03-01,132.240005,134.639999,132.029999,134.369995,123.46541599999999,3788500
965,2016-03-02,133.699997,137.440002,133.220001,136.300003,125.23879199999999,5217200
966,2016-03-03,137.220001,137.96000700000002,136.070007,137.800003,126.61705,5141200
967,2016-03-04,137.53999299999998,139.419998,137.020004,137.800003,126.61705,3968400
968,2016-03-07,137.279999,140.509995,136.869995,140.149994,128.776352,5171000
969,2016-03-08,139.71000700000002,140.350006,137.419998,139.070007,127.783974,5579100
970,2016-03-09,139.309998,142.169998,139.229996,140.41000400000001,129.015244,4406500
971,2016-03-10,141.240005,141.470001,138.08999599999999,140.190002,128.813095,4009600
972,2016-03-11,141.729996,142.919998,140.509995,142.360001,130.807022,4421900
973,2016-03-14,142.009995,143.190002,141.03999299999998,142.779999,131.192932,4048800
974,2016-03-15,141.740005,143.330002,141.53999299999998,142.96000700000002,131.358307,3707500
975,2016-03-16,142.619995,144.880005,142.110001,144.78999299999998,133.039795,4221900
976,2016-03-17,144.779999,147.320007,144.449997,147.03999299999998,135.107193,5821600
977,2016-03-18,147.399994,147.509995,145.509995,147.08999599999999,135.15313700000002,12089700
978,2016-03-21,147.300003,148.71000700000002,146.720001,148.630005,136.568161,3721600
979,2016-03-22,148.059998,149.279999,147.83999599999999,148.100006,136.081192,4081900
980,2016-03-23,148.0,148.029999,145.130005,145.399994,133.600281,4764200
981,2016-03-24,144.979996,148.220001,144.490005,147.949997,135.943344,5044500
982,2016-03-28,147.75,148.649994,147.229996,148.399994,136.356827,3265100
983,2016-03-29,147.58999599999999,149.759995,147.5,149.330002,137.21138,3116400
984,2016-03-30,149.949997,150.41000400000001,148.320007,148.41000400000001,136.365997,3331200
985,2016-03-31,149.78999299999998,153.100006,149.360001,151.449997,139.159317,6780600
986,2016-04-01,150.509995,152.96000700000002,150.25,152.520004,140.14248700000002,3925500
987,2016-04-04,152.33999599999999,153.520004,151.91000400000001,152.070007,139.729004,3931200
988,2016-04-05,151.429993,151.600006,149.649994,150.0,137.827011,3337000
989,2016-04-06,149.899994,150.149994,147.809998,150.020004,137.845337,4152300
990,2016-04-07,149.070007,149.600006,148.0,148.25,136.219009,3663000
991,2016-04-08,149.059998,149.990005,148.119995,149.350006,137.229736,3293800
992,2016-04-11,150.259995,151.949997,149.220001,149.25,137.13786299999998,3846100
993,2016-04-12,149.610001,150.110001,148.580002,149.630005,137.487,3507100
994,2016-04-13,150.75,151.229996,149.630005,151.229996,138.957138,3168400
995,2016-04-14,151.5,152.759995,150.380005,151.16000400000001,138.892822,3158400
996,2016-04-15,151.03999299999998,152.100006,150.96000700000002,151.720001,139.40739399999998,3657600
997,2016-04-18,151.720001,153.139999,151.490005,152.529999,140.151672,5737700
998,2016-04-19,146.470001,146.949997,142.610001,144.0,132.313889,13190200
999,2016-04-20,144.240005,147.199997,144.0,146.110001,134.252655,6754300
1000,2016-04-21,146.580002,150.119995,146.46000700000002,149.300003,137.18379199999998,6017700
1001,2016-04-22,149.440002,151.0,147.5,148.5,136.448715,5191900
1002,2016-04-25,148.16000400000001,148.899994,147.110001,148.809998,136.733551,2848900
1003,2016-04-26,148.649994,149.78999299999998,147.899994,149.080002,136.981628,2979800
1004,2016-04-27,149.350006,150.779999,148.970001,150.470001,138.25885,3111200
1005,2016-04-28,149.75,150.179993,146.729996,147.070007,135.134781,3791500
1006,2016-04-29,146.490005,147.33999599999999,144.190002,145.940002,134.096481,4225800
1007,2016-05-02,146.559998,147.0,144.429993,145.270004,133.48085,3502400
1008,2016-05-03,144.649994,144.899994,142.899994,144.130005,132.43336499999998,3584300
1009,2016-05-04,143.360001,145.0,143.309998,144.25,132.54361,2577100
1010,2016-05-05,145.949997,147.300003,145.449997,146.470001,134.583466,6501200
1011,2016-05-06,144.860001,147.970001,144.470001,147.28999299999998,136.642975,4895800
1012,2016-05-09,147.699997,148.199997,147.009995,147.33999599999999,138.001068,4302400
1013,2016-05-10,148.240005,150.03999299999998,147.740005,149.970001,140.464355,3982400
1014,2016-05-11,149.71000700000002,151.08999599999999,148.740005,148.949997,139.509003,3093000
1015,2016-05-12,149.21000700000002,149.389999,147.110001,148.83999599999999,139.405975,3249200
1016,2016-05-13,148.78999299999998,149.860001,147.419998,147.720001,138.356979,2398000
1017,2016-05-16,147.649994,149.990005,147.440002,149.46000700000002,139.98671000000002,3069100
1018,2016-05-17,149.21000700000002,149.5,147.28999299999998,148.0,138.619217,3490600
1019,2016-05-18,147.990005,148.520004,146.360001,147.33999599999999,138.001068,2491100
1020,2016-05-19,146.479996,146.929993,143.96000700000002,144.929993,135.743805,3685600
1021,2016-05-20,145.71000700000002,147.509995,145.550003,147.25,137.91676299999997,3671500
1022,2016-05-23,147.610001,147.949997,146.66000400000001,146.770004,137.467194,2086600
1023,2016-05-24,146.880005,148.75,146.880005,148.309998,138.909592,2929300
1024,2016-05-25,148.929993,152.08999599999999,148.5,151.690002,142.075348,4355300
1025,2016-05-26,151.550003,152.509995,151.050003,152.440002,142.77783200000002,3023100
1026,2016-05-27,152.350006,152.929993,152.149994,152.83999599999999,143.152466,2457100
1027,2016-05-31,152.559998,153.809998,152.270004,153.740005,143.99543799999998,5836600
1028,2016-06-01,153.0,153.270004,151.53999299999998,152.509995,142.843369,2663400
1029,2016-06-02,152.58999599999999,153.5,152.119995,153.5,143.770615,2635600
1030,2016-06-03,152.399994,153.03999299999998,151.699997,152.889999,143.19931,2328300
1031,2016-06-06,153.08999599999999,153.949997,152.33999599999999,152.729996,143.049408,2378700
1032,2016-06-07,153.309998,153.929993,152.66000400000001,153.330002,143.611404,4465000
1033,2016-06-08,153.529999,154.08999599999999,153.03999299999998,154.0,144.23893700000002,2935000
1034,2016-06-09,152.919998,153.759995,152.729996,153.419998,143.695679,2021800
1035,2016-06-10,152.78999299999998,153.330002,151.860001,152.369995,142.71225,3120600
1036,2016-06-13,151.630005,152.5,150.279999,151.279999,141.69133,3610400
1037,2016-06-14,151.279999,151.78999299999998,150.399994,151.059998,141.485291,2865800
1038,2016-06-15,151.46000700000002,151.78999299999998,150.600006,150.679993,141.129333,2260400
1039,2016-06-16,150.190002,151.28999299999998,149.0,151.059998,141.485291,2449100
1040,2016-06-17,150.96000700000002,152.720001,150.600006,151.990005,142.356354,4663900
1041,2016-06-20,152.600006,154.669998,152.520004,153.610001,143.873642,3572100
1042,2016-06-21,154.16000400000001,154.570007,153.690002,154.050003,144.285782,2760300
1043,2016-06-22,153.75,154.71000700000002,152.270004,152.919998,143.22738600000002,2833700
1044,2016-06-23,153.449997,155.479996,152.600006,155.350006,145.503387,3969400
1045,2016-06-24,149.970001,150.610001,146.179993,146.58999599999999,137.298584,9082800
1046,2016-06-27,146.179993,146.600006,142.5,143.5,134.40448,5017900
1047,2016-06-28,144.779999,145.729996,144.220001,145.699997,136.46499599999999,3997700
1048,2016-06-29,146.5,148.479996,146.449997,148.46000700000002,139.050095,3367700
1049,2016-06-30,148.860001,151.91000400000001,148.669998,151.779999,142.15962199999998,3967100
1050,2016-07-01,151.779999,152.970001,151.399994,152.350006,142.693527,2658300
1051,2016-07-05,151.190002,152.0,150.759995,151.679993,142.065979,2465200
1052,2016-07-06,151.850006,152.41000400000001,149.919998,152.369995,142.71225,2569400
1053,2016-07-07,152.75,153.690002,151.889999,152.600006,142.927658,2133000
1054,2016-07-08,154.0,154.600006,153.080002,154.46000700000002,144.66978500000002,3040600
1055,2016-07-11,154.600006,156.03999299999998,154.5,155.330002,145.484634,2833700
